Video Title,Number of Viewers,Video posting date,Video Length
Let's Go To The Sea! | Kids Songs About Sea Animals & Water,313K views,3 days ago,29:37:00
As Quiet As A Mouse | + More Kids Songs | Super Simple Songs,721K views,1 week ago,1:03:02
This Is A Happy Face | ft. Noodle & Pals | Super Simple Songs,2.3M views,2 weeks ago,5:42
The Month's Chant | + More Kids Songs | Super Simple Songs,731K views,3 weeks ago,31:41:00
As Quiet As A Mouse | Kids Songs | Super Simple Songs,6.9M views,1 month ago,2:26
"Red Light, Green Light + More | ft. @Carl's Car Wash  | Super Simple Songs",1.2M views,1 month ago,32:18:00
The Months Chant | ft. The Super Simple Puppets | Super Simple Songs,5.6M views,1 month ago,2:21
The Alphabet Swing | + More Kids Songs | Super Simple Songs,4.2M views,1 month ago,1:00:20
"The Wheels On The Bus + More | ft. @Mr. Monkey, Monkey Mechanic | Super Simple Songs",2.4M views,2 months ago,30:33:00
Put On Your Boots | Kids Songs | Super Simple Songs,9.2M views,2 months ago,3:08
Three Little Kittens | + More Nursery Rhymes & Kids Songs | Super Simple Songs,5.5M views,2 months ago,1:01:40
The Alphabet Swing | ABC Song for Kids | Super Simple Songs,7.6M views,2 months ago,1:45
Best Kids' Songs From Super Simple Songs | Best of 2020,5.1M views,3 months ago,1:02:54
Let's Count To 100 + More | ft. @Finny The Shark  | Super Simple Songs,2.4M views,3 months ago,37:02:00
Five Little Elves | + More Christmas Songs for Kids | Super Simple Songs,6.9M views,3 months ago,42:34:00
Three Little Kittens | Kids Songs | Super Simple Songs,5.3M views,4 months ago,3:02
"Hello Reindeer, Goodbye Snowman | ft. Noodle & Pals | Super Simple Songs",4.2M views,4 months ago,1:43
"The Wheels On The Bus | @Mr. Monkey, Monkey Mechanic version",3.2M views,4 months ago,2:28
Five Little Elves | Christmas Song For Kids | Super Simple Songs,7.7M views,4 months ago,2:36
Me! (featuring Noodle & Pals) | + More Kids Songs | Super Simple Songs,13M views,4 months ago,1:00:02
"Peekaboo, Thank You! | Kids Song | Super Simple Songs",8.1M views,5 months ago,1:30
Once I Caught A Fish Alive | + More Kids Songs | Super Simple Songs,4M views,5 months ago,38:12:00
"Red Light, Green Light | @Carl's Car Wash Version | Super Simple Songs",2M views,5 months ago,1:57
"Hello, Trick Or Treat? | + More Halloween Songs for Kids | Super Simple Songs",5.6M views,5 months ago,50:33:00
Twinkle Twinkle Little Star (Bumble Nums Version) + More | Super Simple Songs,3.1M views,6 months ago,1:01:29
"Hello, Trick Or Treat? | Halloween Song for Kids | Super Simple Songs",12M views,6 months ago,2:42
Knock Knock Trick Or Treat #2 | featuring Super Simple Puppets | Halloween Song for Kids,12M views,6 months ago,4:56
Five Little Ghosts | Halloween Song for Kids | Super Simple Songs,21M views,6 months ago,2:11
Me! | featuring Noodle & Pals | Super Simple Songs,8.2M views,7 months ago,3:26
The Wheels On The Bus  | ft. Carl's Car Wash | Super Simple Songs,10M views,7 months ago,2:32
Everything Is Going To Be Alright | Super Simple Songs,16M views,7 months ago,3:14
Let's Go For A Walk Outside | Super Simple Songs,20M views,7 months ago,4:20
Move! | Dance Song for Kids | Super Simple Songs,16M views,7 months ago,3:23
"Star Light, Star Bright | + More Kids Songs | Super Simple Songs",4.8M views,8 months ago,34:07:00
Pink Purple Orange Brown | ft. @The Bumble Nums,15M views,8 months ago,1:58
Twinkle Twinkle Little Star (Bumble Nums Version) | Super Simple Songs,3.4M views,8 months ago,1:48
Finny The Shark | Episode 1 | Play Date | @Finny The Shark,6.2M views,8 months ago,11:36
Pizza Party  + More | Super Simple Songs,11M views,9 months ago,33:56:00
The Ice Cream Song | + More Kids Songs | Super Simple Songs,7.4M views,9 months ago,55:41:00
"See You Later, Alligator - Featuring Super Simple Puppets | Super Simple Songs",3.4M views,9 months ago,0:48
Once I Caught A Fish Alive | Super Simple Songs,5.7M views,9 months ago,1:32
My Yellow Car | Super Simple Songs,46M views,9 months ago,2:59
Butterfly Ladybug Bumblebee | + More Kids Songs | Super Simple Songs,8.1M views,10 months ago,34:23:00
"Star Light, Star Bright | Kids Songs | Super Simple Songs",11M views,10 months ago,3:28
And The Green Grass Grew All Around | + More Kids Songs | Super Simple Songs,5.9M views,10 months ago,31:18:00
Let's Count To 100 | ft. Finny the Shark | Super Simple Songs,12M views,10 months ago,3:47
Down In The Deep Blue Sea + More! | Super Simple Songs,15M views,10 months ago,47:43:00
Pizza Party | Super Simple Songs,42M views,11 months ago,2:12
What‚Äôs Your Favorite Flavor Of Ice Cream? | + More Kids Songs | Super Simple Songs,6.8M views,11 months ago,32:58:00
Butterfly Ladybug Bumblebee | Super Simple Songs,29M views,11 months ago,3:10
And The Green Grass Grew | Kids Songs | Super Simple Songs,15M views,1 year ago,2:36
Walking In The Forest | + More Kids Songs | Super Simple Songs,7.3M views,1 year ago,32:55:00
Down In The Deep Blue Sea | ft. Finny The Shark! | Super Simple Songs,15M views,1 year ago,2:03
Songs About Food | Kids Songs Collection | Super Simple Songs,4.8M views,1 year ago,31:30:00
Super Simple Songs featuring the Super Simple Monsters!,9.7M views,1 year ago,32:13:00
What's Your Name? (Super Simple Puppets version) | Super Simple Songs,18M views,1 year ago,1:34
Bedtime Routine Songs | Kids Songs | Super Simple Songs,3.2M views,1 year ago,42:22:00
Peekaboo I Love You  | + More Kids Songs | Super Simple Songs,13M views,1 year ago,30:36:00
Pop The Bubbles | + More Kids Songs | Super Simple Songs,8.1M views,1 year ago,31:00:00
My Happy Song | + More Kids Songs | Super Simple Songs,23M views,1 year ago,33:10:00
I Love The Mountains | + More Kids Songs | Super Simple Songs,9.3M views,1 year ago,31:04:00
The Ants Go Marching #2 | + More Kids Songs | Super Simple Songs,6.7M views,1 year ago,40:06:00
What's This? What's That? | + More Kids Songs  | Super Simple Songs,13M views,1 year ago,32:16:00
Super Simple Fireplace üòÅ | Crackling Fireplace with Christmas Music | 3 Hours!,2.6M views,1 year ago,3:00:00
Head Shoulders Knees And Toes | + More Kids Songs | Featuring Noodle & Pals,19M views,1 year ago,34:11:00
Silent Night | Christmas Song For Kids | Super Simple Songs,13M views,1 year ago,3:21
The Wheels On The Bus - featuring Noodle & Pals | + More Kids Songs from Super Simple Songs,37M views,1 year ago,30:29:00
Jingle Bells | Christmas Song | Super Simple Songs,5.4M views,1 year ago,2:36
Head Shoulders Knees And Toes | Kids Songs | Super Simple Songs,4.7M views,1 year ago,1:03
At The North Pole | Down By The Bay Christmas | Christmas Song For Kids,9M views,1 year ago,2:34
"Are You Sleeping, Baby Bear? | Kids Songs | Super Simple Songs",19M views,1 year ago,2:04
If You‚Äôre Happy And You Know It | + More Kids Songs | Super Simple Songs,13M views,1 year ago,30:53:00
Here Comes The Fire Truck | + More Kids Songs | Super Simple Songs,14M views,1 year ago,31:57:00
My Happy Song | featuring Noodle & Pals | Super Simple Songs,65M views,1 year ago,3:56
The Bear Went Over The Mountain | + More Kids Songs | Super Simple Songs,4.4M views,1 year ago,31:58:00
Pop The Bubbles | Kids Songs | Super Simple Songs,27M views,1 year ago,2:50
Halloween Songs For Kids | Super Simple Songs,9.1M views,1 year ago,46:50:00
Halloween ABC Song | Super Simple Songs,14M views,1 year ago,1:42
This Is The Way We Trick Or Treat | featuring The Super Simple Puppets,114M views,1 year ago,1:57
"Knock Knock, Trick Or Treat? | featuring The Super Simple Puppets | Super Simple Songs",36M views,1 year ago,4:51
10 Monsters In The Bed | Kids Halloween Song | Super Simple Songs,18M views,1 year ago,2:37
Hello Hello! | featuring The Super Simple Puppets,10M views,1 year ago,1:21
I Love The Mountains | Super Simple Songs,20M views,1 year ago,2:14
Line Up! | featuring Noodle & Pals | Super Simple Songs,35M views,1 year ago,2:06
Hello! | featuring The Super Simple Puppets | Super Simple Songs,26M views,1 year ago,1:24
Introducing the Super Simple App for iOS!,1.7M views,1 year ago,1:06
Open Shut Them #4 | Super Simple Songs,23M views,1 year ago,2:16
Here Comes The Fire Truck | Kids Songs | Super Simple Songs,17M views,1 year ago,2:51
The Bear Went Over The Mountain | Super Simple Songs,28M views,1 year ago,2:23
Walking In The Forest | Kids Songs | Super Simple Songs,23M views,1 year ago,4:12
What‚Äôs Your Favorite Flavor Of Ice Cream? | Kids Songs | Super Simple Songs,11M views,1 year ago,1:36
With My Heart  | + More Kids Songs | Super Simple Songs,8.1M views,1 year ago,29:25:00
Open Shut Them #3 | featuring Finny The Shark | Super Simple Songs,29M views,1 year ago,2:22
Sitting On The Potty | Kids Songs | Super Simple Songs,23M views,1 year ago,2:04
Where Is Baby? | Kids Songs | Super Simple Songs,63M views,1 year ago,3:13
The More We Get Together | Kids Songs | Super Simple Songs,20M views,1 year ago,1:50
"Peekaboo, I Love You | Kids Songs | Super Simple Songs",43M views,2 years ago,1:29
The Jellyfish | Kids Songs | Super Simple Songs,13M views,2 years ago,1:51
Driving In My Car | Kids Songs | Super Simple Songs,26M views,2 years ago,2:25
With My Heart | Kids Songs | Super Simple Songs,21M views,2 years ago,1:57
When The Band Comes Marching In | + More Kids Songs | Super Simple Songs,9.5M views,2 years ago,31:08:00
Head Shoulders Knees And Toes (2019) | Noodle & Pals | Super Simple Songs,33M views,2 years ago,1:46
Six In The Bed | Kids Songs | Super Simple Songs,35M views,2 years ago,1:40
The Wheels On The Bus (2019) | Nursery Rhymes | Super Simple Songs,78M views,2 years ago,2:33
The Bees Go Buzzing | + More Kids Songs & Nursery Rhymes,6.8M views,2 years ago,46:55:00
Skidamarink A Dink A Dink | Nursery Rhyme | Super Simple Songs,91M views,2 years ago,2:26
If You‚Äôre Happy And You Know It | Kids Songs | Super Simple Songs,358M views,2 years ago,1:38
The Toilet Song by The Wiggles | Animation by Super Simple Songs,15M views,2 years ago,2:41
Tobee Meets The Wiggles | Sing Along With Tobee | Do The Propeller,2.1M views,2 years ago,6:30
Get Ready for Wiggles Week with Super Simple!,416K views,2 years ago,1:27
Here Is The Beehive  | + More Kids Songs | Super Simple Songs,10M views,2 years ago,36:32:00
Open Shut Them | featuring Noodle & Pals | Super Simple Songs,34M views,2 years ago,2:31
Santa's On His Way | Christmas Song for Kids | Super Simple Songs,22M views,2 years ago,3:05
If You‚Äôre Happy And You Know It Shout Hoo-ray | Super Simple Songs,51M views,2 years ago,1:38
Santa Shark - Featuring Finny The Shark | Baby Shark Christmas,10M views,2 years ago,33:17:00
What‚Äôs This? What‚Äôs That? | Kids Songs | Super Simple Songs,53M views,2 years ago,1:46
Santa Shark | Baby Shark Christmas Song featuring Finny The Shark,31M views,2 years ago,2:43
Peekaboo Christmas | Kids Songs | Super Simple Songs,23M views,2 years ago,1:34
Where Is Thumbkin? | featuring Noodle & Pals | Super Simple Songs,31M views,2 years ago,2:01
Pass The Beanbag | featuring Noodle & Pals | Super Simple Songs,41M views,2 years ago,3:01
Red Yellow Green Blue | + More Kids Songs | Super Simple Songs,11M views,2 years ago,52:00:00
Baby Shark Songs & Dance | Super Simple Songs,8.1M views,2 years ago,12:13
Do You Like Broccoli Ice Cream? | featuring The Super Simple Puppets | Super Simple Songs,33M views,2 years ago,2:33
The Ants Go Marching #2 | featuring The Bumble Nums | Super Simple Songs,83M views,2 years ago,4:39
Down By The Spooky Bay | + More Halloween Songs for Kids | Super Simple Songs,12M views,2 years ago,38:50:00
Peekaboo Halloween | Kids Songs | Super Simple Songs,37M views,2 years ago,1:33
The Bees Go Buzzing | Kids Songs | Super Simple Songs,78M views,2 years ago,4:43
Over The Deep Blue Sea | Kids Songs | Super Simple Songs,26M views,2 years ago,2:14
Down By The Spooky Bay | Halloween Song for Kids | Super Simple Songs,24M views,2 years ago,2:33
Peekaboo Playground | Kids Songs | Super Simple Songs,17M views,2 years ago,1:32
What's Your Favorite Color? + More | Super Simple Songs,6.4M views,2 years ago,56:00:00
When The Band Comes Marching In | Kids Songs | Super Simple Songs,34M views,2 years ago,3:24
Here Is The Beehive | Super Simple Songs,32M views,2 years ago,2:06
Red Yellow Green Blue | featuring The Bumble Nums | Super Simple Songs,32M views,2 years ago,2:00
"Red Light, Green Light | Super Simple Songs",15M views,2 years ago,1:55
Who Took The Cookie? (Farm Animals Version) | + More Kids Songs,27M views,2 years ago,59:56:00
10 Little Dinosaurs #2 | Kids Songs | Super Simple Songs,45M views,2 years ago,2:12
Here We Go Looby Loo | + More Kids Songs | Super Simple Songs,25M views,2 years ago,1:00:13
This Is The Way We Go To Bed | Kids Songs | Super Simple Songs,166M views,2 years ago,1:59
Open Shut Them #2 | + More Kids Songs | Super Simple Songs,22M views,2 years ago,57:15:00
10 Little Dinosaurs #2 | + More  Kids Songs | Super Simple Songs,17M views,2 years ago,1:00:56
Theres A Hole In The Bottom Of The Sea | + More Kids Songs | Super Simple Songs,9M views,2 years ago,58:28:00
Kids Songs With Noodle & Pals | Super Simple Songs,17M views,2 years ago,15:34
Down By The Bay #3 | + More Kids Songs | Super Simple Songs,12M views,2 years ago,58:30:00
"Red Light, Green Light | + More Kids Songs | Super Simple Songs",39M views,2 years ago,57:16:00
Old MacDonald Had A Farm (2018) | + More Kids Songs | Super Simple Songs,33M views,2 years ago,55:42:00
What's Your Favorite Color? | Kids Songs | Super Simple Songs,121M views,2 years ago,2:02
Let's Take The Subway | + More Kids Songs | Super Simple Songs,2.2M views,2 years ago,1:00:03
This Is The Way We Go To Bed | + More Kids Songs | Super Simple Songs,30M views,2 years ago,59:50:00
10 Little Bicycles | + More Kids Songs | Super Simple Songs,4.4M views,2 years ago,55:42:00
üç™ Who Took The Cookie? (Farm Animals Version) | Kids Songs | Super Simple Songs,28M views,2 years ago,2:16
Celebrate Friends And Family With Peppa Pig & Super Simple!,539K views,2 years ago,0:19
Are You Hungry?  | + More Kids Songs | Super Simple Songs,11M views,2 years ago,1:00:16
Here We Go Looby Loo | Nursery Rhymes | Super Simple Songs,17M views,2 years ago,1:57
This Is The Way We Get Dressed | + More Kids Songs | Super Simple Songs,87M views,2 years ago,1:00:23
Open Shut Them #2 | Kids Songs | Super Simple Songs,80M views,2 years ago,2:29
10 Little Buses | + More Kids Songs | Super Simple Songs,3M views,2 years ago,59:54:00
What's Your Name? | + More Kids Songs | Super Simple Songs,14M views,2 years ago,55:50:00
There's A Hole In The Bottom Of The Sea | Kids Songs | Super Simple Songs,26M views,2 years ago,2:45
Twinkle Twinkle Little Star (Extended Mix - 30 Mins!) | Nursery Rhyme Lullaby  | Super Simple Songs,20M views,2 years ago,29:48:00
Celebrate Earth Day With Super Simple Songs and The Canadian Wildlife Federation!,149K views,2 years ago,1:17
Down By The Bay #3 | Kids Songs | Super Simple Songs,14M views,2 years ago,2:32
The Farmer In The Dell | + More Nursery Rhymes and Kids Songs | Super Simple Songs,9.2M views,2 years ago,1:00:31
Old MacDonald Had A Farm | Nursery Rhymes | Super Simple Songs,193M views,2 years ago,3:18
Kids' Song Collection #2 | Sing Along With Tobee | Super Simple Songs,7.5M views,3 years ago,22:36
Take Me Out To The Ball Game | + More Kids Songs | Super Simple Songs,3.3M views,3 years ago,33:13:00
Hot Cross Buns | Nursery Rhymes | Super Simple Songs,9.6M views,3 years ago,1:44
10 Little Bicycles | Kids Songs | Super Simple Songs,8.8M views,3 years ago,2:09
Follow Me | + More Kids Songs | Super Simple Songs,22M views,3 years ago,56:04:00
Let's Take The Subway | Sing Along With Tobee | Kids Songs,10M views,3 years ago,2:26
Down By The Bay #2 | + More Kids Songs | Super Simple Songs,11M views,3 years ago,55:37:00
What's Your Name? | featuring Noodle & Pals | Super Simple Songs,57M views,3 years ago,1:36
10 Little Fishies | + More Kids Songs | Super Simple Songs,37M views,3 years ago,50:18:00
Are You Hungry? | Kids Songs | Super Simple Songs,86M views,3 years ago,2:00
What Do You Like To Do | + More Kids Songs | Super Simple Songs,6M views,3 years ago,59:58:00
This Is The Way We Get Dressed | Kids Songs | Super Simple Songs,1.2B views,3 years ago,1:55
I Can't Remember The Words To This Song | + More Kids Songs | Super Simple Songs,5.6M views,3 years ago,1:00:29
10 Little Buses | Kids Songs | Super Simple Songs,14M views,3 years ago,2:05
Kids' Song Collection #1 | Sing Along With Tobee | Super Simple Songs,15M views,3 years ago,20:18
The Farmer In The Dell | Kids Songs | Super Simple Songs,17M views,3 years ago,1:49
Sweet Dreams (Goodnight Song) (Extended Mix - 31 Mins) | Kids Songs | Super Simple Songs,7.7M views,3 years ago,31:18:00
Follow Me | Kids Songs | Super Simple Songs,44M views,3 years ago,1:47
Down By The Bay #2 | Kids Songs | Super Simple Songs,18M views,3 years ago,2:42
The Alphabet Is So Much Fun | + More Kids Songs | Super Simple Songs,23M views,3 years ago,59:49:00
10 Little Fishies - Featuring Finny The Shark! | Kids Songs | Super Simple Songs,126M views,3 years ago,3:16
Our Favorite Weather Songs | Kids Songs | Super Simple Songs,1M views,3 years ago,14:19
10 Little Tractors | + More Kids Songs | Super Simple Songs,3M views,3 years ago,58:02:00
Pat A Cake | + More Kids Songs | Super Simple Songs,13M views,3 years ago,55:15:00
Our Favorite Christmas Songs for Kids | Super Simple Songs,34M views,3 years ago,36:24:00
12 Days Of Christmas | + More Kids Songs | Super Simple Songs,6.3M views,3 years ago,39:01:00
Jingle Bells (Extended Mix - 30 Mins!) | Kids Songs | Super Simple Songs,3.1M views,3 years ago,30:12:00
Up On The Housetop | + More Kids Songs | Super Simple Songs,8.3M views,3 years ago,1:07:09
Wind The Bobbin Up | + More Kids Songs | Super Simple Songs,8.2M views,3 years ago,1:00:26
Celebrate Christmas With Super Simple! | Christmas Videos for Children,923K views,3 years ago,0:40
12 Days Of Christmas | Kids Songs | Super Simple Songs,52M views,3 years ago,4:20
Up On The Housetop | Kids Songs | Super Simple Songs,22M views,3 years ago,1:47
Our Favorite Numbers Songs | Kids Songs | Super Simple Songs,17M views,3 years ago,30:26:00
Peanut Butter & Jelly | + More Kids Songs | Super Simple Songs,27M views,3 years ago,1:00:13
Our Favorite Kids Songs About Good Habits | Super Simple Songs,2.3M views,3 years ago,10:48
10 Little Tractors | Kids Songs | Super Simple Songs,20M views,3 years ago,2:07
Wind The Bobbin Up | Kids Songs | Super Simple Songs,18M views,3 years ago,2:17
Little Snowflake (Extended Mix - 30 Mins!) | Kids Songs | Super Simple Songs,25M views,3 years ago,28:37:00
Open Shut Them #2 | Opposites Song For Kids | Sing Along With Tobee,1M views,3 years ago,4:46
Humpty Dumpty | + More Kids Songs | Super Simple Songs,33M views,3 years ago,30:55:00
Our Favorite Songs About Pets | Kids Songs | Super Simple Songs,1.4M views,3 years ago,12:27
Pat-A-Cake | Kids Songs | Super Simple Songs,12M views,3 years ago,1:54
My Teddy Bear | + More Kids Songs | Super Simple Songs,1.6M views,3 years ago,58:11:00
Our Favorite Animals Songs For Kids | Super Simple Songs,2.9M views,3 years ago,20:39
Rock Scissors Paper #4 | Kids Songs | Super Simple Songs,19M views,3 years ago,2:13
Our Favorite Food Songs For Kids! | Super Simple Songs,3.3M views,3 years ago,20:00
Super Duper Ball Pit Show Promo | Learn Numbers & Colors,326K views,3 years ago,1:37
Five Little Monsters Jumping On The Bed | + More Kids Songs | Super Simple Songs,5.1M views,3 years ago,33:37:00
Baby Shark Halloween | + More Kids Songs for Halloween | Super Simple Songs,41M views,3 years ago,39:35:00
A Sailor Went to Sea (Extended Mix - 33 Mins!) | Kids Songs | Super Simple Songs,581K views,3 years ago,33:04:00
Take Me Out To The Ball Game | Kids Songs | Super Simple Songs,16M views,3 years ago,1:46
Jack & Jill | + More Kids Songs | Super Simple Songs,4M views,3 years ago,37:13:00
"Our Favorite Bedtime Songs | Twinkle Twinkle Little Star, Sweet Dreams, & Little Snowflake",32M views,3 years ago,7:45
Baby Shark Halloween | featuring Finny The Shark | Super Simple Songs,166M views,3 years ago,3:35
Five Little Monsters Jumping On The Bed | Kids Halloween Song | Super Simple Songs,62M views,3 years ago,2:07
Baby Shark (Extended Mix - 30 Mins!) | Kids Songs | Super Simple Songs,24M views,3 years ago,30:06:00
10 Little Airplanes | + More Kids Songs | Super Simple Songs,5.7M views,3 years ago,1:05:23
I Can't Remember The Words To This Song | Kids Songs | Super Simple Songs,6.8M views,3 years ago,2:25
Peanut Butter & Jelly | Kids Songs | Super Simple Songs,23M views,3 years ago,1:59
The Alphabet Is So Much Fun | Kids Songs | Super Simple Songs,18M views,3 years ago,2:05
What Do You Like To Do? | Kids Songs | Super Simple Songs,50M views,3 years ago,1:57
Come sing along with us every Tuesday...LIVE!,135K views,3 years ago,0:54
Super Huggable Plush from Super Simple Songs!,217K views,3 years ago,0:49
Sing-along live with Caitie! Today YOU vote for which song you want to sing!,272K views,Streamed 3 years ago,22:23
"Are You Sleeping, Brother John? | + More Kids Songs | Super Simple Songs",1.1M views,3 years ago,1:08:10
Humpty Dumpty | Kids Songs | Super Simple Songs,47M views,3 years ago,1:19
10 Little Sailboats | Kids Songs | Super Simple Songs,21M views,3 years ago,2:08
Jack & Jill | Kids Songs | Super Simple Songs,24M views,3 years ago,1:47
Rock Scissors Paper #3 | + More Kids Songs | Super Simple Songs,2.5M views,3 years ago,57:15:00
Happy 150th Birthday Canada...from Caitie & Tobee!,300K views,3 years ago,13:39
A Sailor Went To Sea | Kids Songs | Super Simple Songs,20M views,3 years ago,3:21
Down By The Bay | Kids Songs | Super Simple Songs,47M views,3 years ago,2:49
I Like You | Kids Songs | Super Simple Songs,1.2M views,3 years ago,1:43
Rock Scissors Paper #3 | Kids Songs | Super Simple Songs,13M views,3 years ago,1:54
"NEW SHOW! | Mr. Monkey, Monkey Mechanic | Starts 6-23-17 on Super Simple TV!",285K views,3 years ago,0:36
10 Little Airplanes | Kids Songs | Count To Ten | Super Simple Songs,21M views,3 years ago,2:07
I Like You featuring Milo | + More Kids Songs | Super Simple Songs,2.7M views,3 years ago,57:59:00
The Ants Go Marching | Kids Songs | Super Simple Songs,193M views,3 years ago,3:52
A Sailor Went To Sea | + More Kids Songs | Super Simple Songs,15M views,3 years ago,56:11:00
The Alphabet Song | Kids Songs | Super Simple Songs,16M views,3 years ago,3:05
Down By The Bay | + More Kids Songs | Super Simple Songs,43M views,3 years ago,50:36:00
One Little Finger from Sing Along With Tobee | + More Kids Songs | Super Simple Songs,2.6M views,3 years ago,55:29:00
The Muffin Man | Kids Songs | Super Simple Songs,463M views,3 years ago,2:07
The Ants Go Marching | + More Kids Songs | Super Simple Songs,35M views,3 years ago,56:15:00
Brush Your Teeth | Kids Songs |  Super Simple Songs,47M views,3 years ago,2:15
Alice The Camel | Kids Songs | Super Simple Songs,20M views,3 years ago,2:08
The Muffin Man + More Kids Songs | Super Simple Songs,15M views,3 years ago,1:00:22
Hello Songs + More | Kids Songs | Sing Along With Tobee | Super Simple Songs,9.9M views,4 years ago,50:17:00
Brush Your Teeth + More | Kids Songs | Super Simple Songs,22M views,4 years ago,1:00:26
Peek-a-boo Song + More | Kids Songs | Super Simple Songs,33M views,4 years ago,55:07:00
@Treetop Family Song Collection | Kids Songs | 16 Children's Songs,1.6M views,4 years ago,36:47:00
Alice The Camel + More | Kids Songs | Super Simple Songs,52M views,4 years ago,1:06:02
"Goodbye, See You Soon | Goodbye Song for Kids | Treetop Family Children's Song",1.3M views,4 years ago,2:43
Little Robin Redbreast + More | Nursery Rhymes & Children's Songs | Super Simple Songs,5.8M views,4 years ago,54:57:00
Peekaboo | Original Children's Song | Peek-a-boo Song for Kids | Let's play Peek A Boo!,24M views,4 years ago,1:33
10 Little Dinosaurs + More | Kids Songs | Super Simple Songs,47M views,4 years ago,1:05:16
"Star Light, Star Bright | Shapes Song for Kids",621K views,4 years ago,2:49
Introducing Sing Along With Tobee! | New show from Super Simple Songs!,520K views,4 years ago,1:06
Little Robin Redbreast | Kids Songs | Super Simple Songs,17M views,4 years ago,2:19
10 Little Dinosaurs | Kids Songs | Super Simple Songs,64M views,4 years ago,2:13
Wash Your Hands | Original Kids Song from Treetop Family,482K views,4 years ago,2:07
Join Us For Dinosaur Week!,520K views,4 years ago,0:31
Welcome to Milo's Monster School Vlog!,234K views,4 years ago,0:57
Apples & Bananas | Super Simple Songs,186M views,4 years ago,3:16
Simple Gifts | Original Kids Song from Treetop Family,429K views,4 years ago,3:09
Have you seen Super Simple TV? | Original Kids Shows & Cartoons,850K views,4 years ago,22:17
"Mr. Sun, Sun, Mr. Golden Sun | Kids Songs | Super Simple Songs",57M views,4 years ago,2:31
Super Simple Songs - Christmas üéÑ | Full DVD! | Christmas Songs for Kids,10M views,4 years ago,29:42:00
Each Snowflake Is Special | Original Kids Song from Treetop Family,794K views,4 years ago,2:33
Baby Shark | featuring Finny The Shark | Super Simple Songs,98M views,4 years ago,3:10
Apples & Bananas | + More Kids Songs | Super Simple Songs,17M views,4 years ago,50:36:00
The Ice Cream Song | Kids Songs | Super Simple Songs,31M views,4 years ago,3:21
Mr. Golden Sun | + More Kids Songs | Super Simple Songs,5.5M views,4 years ago,50:16:00
Seven Steps | + More Kids Songs | Super Simple Songs,70M views,4 years ago,1:07:03
Baby Shark - featuring Finny The Shark | + More Kids Songs | Super Simple Songs,346M views,4 years ago,54:48:00
Grandparents Are Special | Original Kids Song from Treetop Family,587K views,4 years ago,2:36
Five Little Speckled Frogs | + More Kids Songs | Super Simple Songs,15M views,4 years ago,1:08:19
How Many Fingers? + More | Kids Songs | Super Simple Songs,9.8M views,4 years ago,1:11:07
"Jump Up, Jump In | Original Kids Song from Treetop Family",322K views,4 years ago,2:36
Five Little Speckled Frogs | Kids Songs | Super Simple Songs,74M views,4 years ago,3:03
Five Creepy Spiders | Halloween Songs + More Kids Songs | Super Simple Songs,16M views,4 years ago,48:57:00
Five Little Ducks + More | Kids Songs and Nursery Rhymes | Super Simple Songs,53M views,4 years ago,1:10:00
Who Took The Candy? | Halloween Songs + More Kids Songs | Super Simple Songs,23M views,4 years ago,54:58:00
Why Do Leaves Change Color? | Original Kids Song from Treetop Family,736K views,4 years ago,2:51
How Many Fingers? | Kids Songs | Super Simple Songs,62M views,4 years ago,3:03
The Skeleton Dance | Halloween Song for Kids | Super Simple Songs,15M views,4 years ago,2:01
Five Little Ducks | Kids Songs | Super Simple Songs,637M views,4 years ago,2:54
Do You Like Lasagna Milkshakes | + More Kids Songs | Super Simple Songs,37M views,4 years ago,1:00:22
Super Simple Mural Magic!,214K views,4 years ago,3:38
10 YEARS ON YOUTUBE!,556K views,4 years ago,13:47
A Surprise For You | Thank You Song | Kids Song from Super Simple Songs,594K views,4 years ago,2:15
A Surprise For You | Treetop Family Ep.8 | Cartoon for kids,396K views,4 years ago,4:49
üëã  Hello Hello üëã  | + More Kids Songs | Super Simple Songs,28M views,4 years ago,1:10:44
"Jump Rope, Jump Rope | Kids Song from Super Simple Songs",1.7M views,4 years ago,2:22
üêì  Good Morning Mr. Rooster + More | Kids Songs | Super Simple Songs,14M views,4 years ago,1:05:44
Jump Rope | Treetop Family Ep.7 | Cartoon for kids,1.6M views,4 years ago,4:26
First Day of School with Milo: Have the Best First Day of School EVER!,148K views,4 years ago,1:01
First Day of School with Milo: Reading!,110K views,4 years ago,1:15
First Day of School with Milo: All About Making Things!,108K views,4 years ago,1:01
First Day of School with Milo: Dancing & Singing!,106K views,4 years ago,0:53
First Day of School with Milo: Learning Your ABCs & 123s!,155K views,4 years ago,0:57
First Day of School (with Milo!),259K views,4 years ago,1:32
The Alphabet Chant + More | ABC Songs | Super Simple Songs,36M views,4 years ago,10:08
Do You Like Pickle Pudding? + More | Kids Songs | Super Simple Songs,73M views,4 years ago,1:10:10
Rainbow Song | Kids Song from Super Simple Songs,1M views,4 years ago,2:09
Hide & Seek Song + More | Kids Songs | Super Simple Songs,10M views,4 years ago,55:08:00
After The Rain | Treetop Family Ep. 6 | Cartoon for kids,765K views,4 years ago,4:46
The Alphabet Chant  | featuring Noodle & Pals | Super Simple Songs,29M views,4 years ago,2:02
Stormy Weather | Kids Song from Super Simple Songs,397K views,4 years ago,2:31
Uh-Huh Song + More (Yes/No Song) | Kids Songs | Super Simple Songs,8M views,4 years ago,50:24:00
Flap Your Wings Together | Kids Song from Super Simple Songs,738K views,4 years ago,2:26
We Love Acorns | Kids Song from Super Simple Songs,619K views,4 years ago,2:50
A Stormy Day | Treetop Family Ep.5 | Cartoon for kids,1.4M views,4 years ago,4:38
Hide And Seek | featuring Noodle & Pals | Super Simple Songs,76M views,4 years ago,3:14
üí§ 4 HOURS üí§ | Hush Little Baby Piano Lullaby for Bedtime | Super Simple Songs,1.5M views,4 years ago,4:05:20
Hide and Seek | Kids Song from Super Simple Songs,529K views,4 years ago,2:20
This Is The Way | Kids Songs | Super Simple Songs,1.9B views,4 years ago,2:19
Cartoon - Sparrows Learn to Fly | Treetop Family Ep. 4 | Full Episode,1M views,4 years ago,4:28
Hello Little Baby Sparrows | Original Kids Song from Treetop Family,809K views,4 years ago,2:42
Five Little Monkeys Sing-along | Kids Songs | #readalong with Super Simple Songs,44M views,4 years ago,4:28
The Eensy Weensy Spider Sing-along | Kids Songs | #readalong with Super Simple Songs,2.9M views,4 years ago,4:23
üí§ 4 HOURS üí§  | Twinkle Twinkle Little Star Piano Lullaby to Help Babies Sleep | Super Simple Songs,1.1M views,4 years ago,4:02:22
BINGO Song Sing-along | Nursery Rhyme | #readalong with Super Simple Songs,21M views,4 years ago,5:49
Wheels On The Bus Sing-along | Nursery Rhyme | #readalong with Super Simple Songs,101M views,4 years ago,5:12
Old McDonald Had A Farm Sing-along | Nursery Rhyme | #readalong with Super Simple Songs,74M views,4 years ago,7:17
This is the Way + More | Kids Songs | Super Simple Songs,64M views,4 years ago,1:05:27
Squirrel's Buried Treasure | Treetop Family Ep.3 | Cartoon for kids,961K views,4 years ago,5:58
Walking Walking + More | Nursery Rhymes & Kids Songs | Super Simple Songs,22M views,4 years ago,1:12:12
I Have A Pet | Original Nursery Rhymes + More | Super Simple Songs,7.5M views,4 years ago,1:10:48
Mystery Box #3 | Original Nursery Rhymes + More | Super Simple Songs,2.7M views,4 years ago,45:38:00
Mystery Box #3 | Original Nursery Rhyme | Super Simple Songs,1.2M views,4 years ago,1:34
Do You Like Spaghetti Yogurt? | + More Nursery Rhymes | Super Simple Songs,27M views,4 years ago,1:05:56
Days Of The Week + More | Nursery Rhymes Collection | Super Simple Songs,30M views,4 years ago,55:12:00
Days Of The Week Song | Kids Songs | Super Simple Songs,14M views,4 years ago,1:26
Cartoon For Kids | Treetop Family Ep.2 | Hide and Seek,1.2M views,4 years ago,2:36
Cartoon | Hello Baby Sparrows | Treetop Family Ep.1 | Cartoon for kids,2.1M views,4 years ago,1:08:19
Treetop Family Theme Song |  Super Simple Songs,2.2M views,4 years ago,1:11:07
Do You Like Lasagna Milkshakes? | Ice Cream and Lasagna!? | Super Simple Songs,395M views,4 years ago,2:36
"""Treetop Family"" Trailer | Animated Series from Super Simple Songs",530K views,4 years ago,3:03
Walking Walking | featuring Noodle & Pals | Super Simple Songs,185M views,4 years ago,48:57:00
Brahms' Lullaby ‚ô• 2 HOURS ‚ô• Bedtime Music for Babies and Toddlers,583K views,5 years ago,1:10:00
What Do You Hear? + More | Nursery Rhymes | Super Simple Songs,19M views,5 years ago,54:58:00
Rain Rain Go Away + More | Nursery Rhymes | Super Simple Songs,35M views,5 years ago,2:51
Seven Steps | featuring Noodle & Pals | Super Simple Songs,69M views,5 years ago,3:03
Twinkle Twinkle Little Star | Bedtime Lullaby | Piano Music | Super Simple Songs,1.1M views,5 years ago,2:01
Mystery Box #2 | Kids Song | Super Simple Songs,1.5M views,5 years ago,2:54
Hush Little Baby | Bedtime Lullaby | Piano Music | Super Simple Songs,1.9M views,5 years ago,1:00:22
The Itsy Bitsy Spider + More | Kids Songs | Super Simple Songs,67M views,5 years ago,3:38
Super Simple Songs - Animals | Complete DVD | Animal Songs for Kids,2.8M views,5 years ago,13:47
Rock Scissors Paper + More | Kids Songs & Nursery Rhymes | Super Simple Songs,16M views,5 years ago,2:15
Brahms' Lullaby | Bedtime Music | Super Simple Songs,873K views,5 years ago,4:49
Do You Like Pickle Pudding? | Super Simple Songs,92M views,5 years ago,1:10:44
Skidamarink + More | Nursery Rhymes | Super Simple Songs,6M views,5 years ago,2:22
Mystery Box #1 | Preschool  Song | Super Simple Songs,2.6M views,5 years ago,1:05:44
"See You Later, Alligator | Goodbye Song | Super Simple Songs",4.8M views,5 years ago,4:26
Clean Up Song + More | Kids Songs and Nursery Rhymes | Super Simple Songs,10M views,5 years ago,1:01
Hello Song + More | Kids Songs and Nursery Rhymes | Super Simple Songs,11M views,5 years ago,1:15
Let's Take A Picture + More | Kids Songs & Nursery Rhymes | Super Simple Songs,8.8M views,5 years ago,1:01
Who Took The Cookie? + More | Kids Songs and Nursery Rhymes | Super Simple Songs,23M views,5 years ago,0:53
"Goodbye, Snowman | Christmas Song for Kids | Super Simple Songs",9.3M views,5 years ago,0:57
S-A-N-T-A + More | Kids Songs | Super Simple Songs,8.6M views,5 years ago,1:32
10 Little Elves + More | Kids Song Collection | Super Simple Songs,1.7M views,5 years ago,10:08
"Santa, Where Are You? | Kids Christmas Song | Super Simple Songs",8.1M views,5 years ago,1:10:10
We Wish You a Merry Christmas + More | Christmas Songs for Kids | Super Simple Songs,16M views,5 years ago,2:09
Jingle Jingle Little Bell (to the tune of Twinkle Twinkle Little Star) | Super Simple Songs,11M views,5 years ago,55:08:00
Little Snowflake + More | Nursery Rhymes & Kids Songs | Super Simple Songs,55M views,5 years ago,4:46
10 Little Elves | Christmas Song For Kids | Super Simple Songs,35M views,5 years ago,2:02
I'm A Little Snowman + More | Kids Songs Collection | Super Simple Songs,6.7M views,5 years ago,2:31
Bye Bye Goodbye | Goodbye Song for Kids | Super Simple Songs,22M views,5 years ago,50:24:00
Uh-huh! | Original Nursery Rhyme | Super Simple Songs,19M views,5 years ago,2:26
Clean Up Song | Kids Song for Tidying Up | Super Simple Songs,19M views,5 years ago,2:50
Put On Your Shoes + More | Kids Songs Collection | Super Simple Songs,175M views,5 years ago,4:38
"Goodbye, My Friends | Halloween Party Song | Super Simple Songs",27M views,5 years ago,3:14
Welcome to Super Simple Songs!,4.7M views,5 years ago,4:05:20
Five Little Pumpkins + More | Counting Songs & Nursery Rhymes | Super Simple Songs,144M views,5 years ago,2:20
"Knock Knock, Trick Or Treat - Part 2 | Super Simple Songs",37M views,5 years ago,2:19
The Skeleton Dance + More | Dance Songs for Kids | Super Simple Songs,30M views,5 years ago,4:28
Five Little Pumpkins | Pumpkin Song | Super Simple Songs,202M views,5 years ago,2:42
Go Away! + More | Kids Songs Collection | Super Simple Songs,88M views,5 years ago,4:28
"Hello, My Friends | Trick-Or-Treating Song | Super Simple Songs",29M views,5 years ago,4:23
"Knock Knock, Trick Or Treat |  Halloween Songs & More | Super Simple Songs",28M views,5 years ago,4:02:22
Trick Or Treat | Give Me Something Good To Eat | Halloween Song,131M views,5 years ago,5:49
The Alphabet Song + More | Kids Songs | Super Simple Songs,14M views,5 years ago,5:12
Make A Circle | Preschool Song | Super Simple Songs,24M views,5 years ago,7:17
Shape Songs + More | Nursery Rhymes | Super Simple Songs,21M views,5 years ago,1:05:27
We All Fall Down | Walk Around The Circle Song | Super Simple Songs,12M views,5 years ago,5:58
Head Shoulders Knees & Toes + More | Nursery Rhymes | Super Simple Songs,23M views,5 years ago,1:12:12
The Pinocchio | Nursery Rhymes | Super Simple Songs,51M views,5 years ago,1:10:48
"The Making Of ""Say Cheese"" | Behind-The-Scenes | Super Simple Songs",382K views,5 years ago,45:38:00
Say Cheese! (Let's Take A Picture) | Nursery Rhymes | Super Simple Songs,11M views,5 years ago,1:34
Do You Like Broccoli Ice Cream? + More | Nursery Rhymes | Super Simple Songs,82M views,5 years ago,1:05:56
Sweet Dreams + More | Nursery Rhymes & Lullabies | Super Simple Songs,203M views,5 years ago,55:12:00
Hello Hello! Can You Clap Your Hands? | Original  Kids Song | Super Simple Songs,51M views,5 years ago,1:26
Who Took The Cookie? | Nursery Rhyme | Super Simple Songs,129M views,5 years ago,13:39
The Bath Song | Original Kids Song | Super Simple Songs,47M views,5 years ago,3:21
Counting Bananas + More | Kids Songs & Nursery Rhymes | Super Simple Songs,13M views,5 years ago,2:49
Head Shoulders Knees & Toes (Speeding Up) | Nursery Rhyme | Super Simple Songs,26M views,5 years ago,1:43
The Pinocchio + More | Kids Songs | Nursery Rhymes | Super Simple Songs,21M views,5 years ago,1:54
My Teddy Bear + More | Kids Songs & Nursery Rhymes | Super Simple Songs,27M views,5 years ago,0:36
Rock Scissors Paper #2 | Finger Play Song | Super Simple Songs,36M views,5 years ago,2:07
"Yes, I Can! + More | Kids Songs | Nursery Rhymes | Super Simple Songs",14M views,5 years ago,57:59:00
The Shape Song #2 | Super Simple Songs,41M views,5 years ago,3:52
"After A While, Crocodile | Super Simple Songs",19M views,5 years ago,56:11:00
Five Little Monkeys | + More Super Simple Songs & Nursery Rhymes,54M views,5 years ago,3:05
Do You Like Spaghetti Yogurt? | Super Simple Songs,156M views,5 years ago,50:36:00
The Shape Song #1 | Super Simple Songs,36M views,5 years ago,55:29:00
Let's Go To The Zoo | + More Super Simple Songs,19M views,5 years ago,2:07
Rock Scissors Paper #1 | Finger Play Song | Super Simple Songs,96M views,5 years ago,56:15:00
How's The Weather? | + More Super Simple Songs,7.8M views,5 years ago,2:15
We All Fall Down | + More Super Simple Songs,16M views,5 years ago,2:08
Rain Rain Go Away | Super Simple Songs | Sesame Street Nursery Rhyme Week,187M views,5 years ago,1:00:22
The Eensy Weensy Spider | Kids Songs | Super Simple Songs,46M views,5 years ago,50:17:00
The Bath Song + More! | Super Simple Songs,353M views,5 years ago,1:00:26
Open Shut Them + More | Super Simple Songs,23M views,5 years ago,55:07:00
Hello! | Super Simple Songs,75M views,5 years ago,36:47:00
Colors Song: I See Something Blue | + More Super Simple Songs,25M views,6 years ago,1:06:02
"One Potato, Two Potatoes | + More Kids Songs and Nursery Rymes",13M views,6 years ago,2:43
Walking In The Jungle | Original Nursery Rhyme | + More Super Simple Songs,11M views,6 years ago,54:57:00
Top 10 Counting Songs | Learn To Count | Super Simple Songs,31M views,6 years ago,1:33
"After A While, Crocodile | + More Super Simple Songs for Kids",18M views,6 years ago,1:05:16
Animal Sounds Songs | + More Super Simple Songs for Kids,94M views,6 years ago,2:49
One Little Finger + More | Nursery Rhymes | Super Simple Songs,41M views,6 years ago,1:06
Mary Had A Little Lamb | + More Super Simple Nursery Rhymes,11M views,6 years ago,2:19
What Do You Hear? | Animal Song | Super Simple Songs,123M views,6 years ago,2:13
Ten In The Bed + More | Super Simple Songs,11M views,6 years ago,2:07
Wag Your Tail | Animal Action Verb Song | Super Simple Songs,78M views,6 years ago,0:31
Row Row Row Your Boat + More Songs For Kids,8M views,6 years ago,0:57
"Yes, I Can! | Animal Song For Children | Super Simple Songs",187M views,6 years ago,3:16
BINGO + More Top Kids Songs and Nursery Rhymes | 30 minutes,12M views,6 years ago,3:09
My Teddy Bear | Super Simple Songs,112M views,6 years ago,22:17
If You're Happy | + More Favorite Children's Songs,87M views,6 years ago,2:31
Skidamarink (Animated Version) | Super Simple Songs,54M views,6 years ago,29:42:00
Old MacDonald Had A Farm | + More Kids Songs and Nursery Rhymes,107M views,6 years ago,2:33
I'm A Little Snowman | Super Simple Songs,22M views,6 years ago,3:10
Count Down From 20 to 1 | Super Simple Songs,49M views,6 years ago,50:36:00
What Do You Want For Christmas? | Santa's On His Way,21M views,6 years ago,3:21
Jingle Jingle Little Bell | Kids Song Collection | Super Simple Songs,24M views,6 years ago,50:16:00
"Decorate The Christmas Tree (to the tune of ""Deck The Halls"") | Super Simple Songs",23M views,6 years ago,1:07:03
"Santa, Where Are You? | + More Christmas Songs for Kids | Super Simple Songs",15M views,6 years ago,54:48:00
We Wish You A Merry Christmas | Super Simple Songs,14M views,6 years ago,2:36
Hickory Dickory...Crash! + More | Our Top Silly Songs for Kids,34M views,6 years ago,1:08:19
Super Simple Songs - Christmas DVD Trailer,937K views,6 years ago,1:11:07
"Hello, Reindeer | Children's Christmas Song",13M views,6 years ago,2:36
The Wheels On The Bus + More | Nursery Rhymes | Super Simple Songs,90M views,6 years ago,3:03
Jingle Bells + More Classic Kids' Songs,10M views,6 years ago,48:57:00
Put On Your Shoes | Clothing Song for Kids,509M views,6 years ago,1:10:00
Twinkle Twinkle Little Star & More | Kids Songs | Super Simple Songs,309M views,6 years ago,54:58:00
"Go Away, Spooky Goblin! | Spooky Simple Song",169M views,6 years ago,2:51
"One For You, One For Me | Halloween Song | Super Simple Songs",100M views,6 years ago,3:03
Halloween Songs for Kids! | Full DVD from Super Simple Songs,34M views,6 years ago,7:17
Super Simple Songs - Halloween DVD Trailer,1.6M views,6 years ago,1:05:27
Who Took The Candy? | Halloween Song | Super Simple Songs,90M views,6 years ago,5:58
This Is The Way We Carve A Pumpkin | Super Simple Songs,35M views,6 years ago,1:12:12
"Knock Knock, Trick Or Treat? | Halloween Song | Super Simple Songs",100M views,6 years ago,1:10:48
Five Creepy Spiders | Halloween Song | Super Simple Songs,56M views,6 years ago,45:38:00
Can You Make A Happy Face?  | featuring Noodle & Pals | Super Simple Songs,55M views,6 years ago,1:34
Go Away! | Super Simple Songs,113M views,6 years ago,1:05:56
I Have A Pet | Animal Song | Super Simple Songs,158M views,6 years ago,55:12:00
Mary Had A Little Lamb | Animal Song | Super Simple Songs,77M views,6 years ago,1:26
The Wheels On The Bus | Super Simple Songs,98M views,6 years ago,13:39
Let's Go To The Zoo | Animal Song for Kids,68M views,6 years ago,3:21
I See Something Pink | Colors Song | Super Simple Songs,69M views,6 years ago,2:49
I See Something Blue | Colors Song for Children,85M views,6 years ago,1:43
"One Potato, Two Potatoes | Super Simple Songs",75M views,7 years ago,1:54
The Bananas Song | Counting Bananas | Super Simple Songs,81M views,7 years ago,0:36
One Little Finger | featuring Noodle & Pals | Super Simple Songs,440M views,7 years ago,2:07
How's The Weather? | Super Simple Songs,66M views,7 years ago,1:08:19
If You're Happy | Super Simple Songs,521M views,7 years ago,1:11:07
Count And Move (HD) | Super Simple Songs,169M views,7 years ago,2:36
Do You Like Broccoli Ice Cream? | Super Simple Songs,629M views,7 years ago,3:03
Welcome to Super Simple Songs,2.1M views,7 years ago,48:57:00
The Animals On The Farm | Super Simple Songs,225M views,7 years ago,1:10:00
Walking In The Jungle | Super Simple Songs,200M views,7 years ago,54:58:00
Old MacDonald Had A Farm | Kids Songs | Super Simple Songs,113M views,7 years ago,2:51
Sweet Dreams (Goodnight Song) | Super Simple Songs,209M views,7 years ago,3:03
Head Shoulders Knees & Toes (Sing It),100M views,7 years ago,7:17
Head Shoulders Knees & Toes (Learn It),32M views,7 years ago,1:05:27
Jingle Bells | Super Simple Songs,84M views,8 years ago,5:58
Open Shut Them | Super Simple Songs,61M views,8 years ago,1:12:12
"Good Morning, Mr. Rooster | Super Simple Songs",43M views,8 years ago,1:10:48
The Alphabet Chant | Super Simple Songs,72M views,8 years ago,45:38:00
Little Snowflake | Kids Songs | Super Simple Songs,351M views,9 years ago,1:34
Ten In The Bed | Super Simple Songs,215M views,9 years ago,1:05:56
The Months Chant | Super Simple Songs,19M views,9 years ago,55:12:00
S-A-N-T-A | Super Simple Songs,61M views,9 years ago,1:26
BINGO | Super Simple Songs,306M views,9 years ago,13:39
Super Simple ABCs Phonics Song: R - Z,24M views,9 years ago,3:21
Seven Steps | Counting Song | Super Simple Songs,82M views,9 years ago,2:49
Row Row Row Your Boat | Super Simple Songs,111M views,9 years ago,2:00
Hickory Dickory Dock | Super Simple Songs,321M views,9 years ago,1:55
Skidamarink (Puppet Version) | Super Simple Songs,19M views,10 years ago,59:56:00
„Åç„Çâ„Åç„Çâ„Åº„Åó (Kira Kira Boshi) - Twinkle Twinkle Little Star in Japanese,50M views,10 years ago,2:12
Make A Circle - Teaching Tips,2M views,10 years ago,1:00:13
The Skeleton Dance | Super Simple Songs,42M views,10 years ago,1:59
Twinkle Twinkle Little Star,1.6B views,10 years ago,57:15:00
The Pinocchio (Large Class),1.8M views,10 years ago,1:00:56
Super Simple ABCs Phonics Song: J-R,27M views,10 years ago,58:28:00
Super Simple ABCs Phonics Song: A - I,40M views,10 years ago,15:34
Open Shut Them (& Other Opposites),2.9M views,11 years ago,58:30:00
Super Simple Songs and Play,2.4M views,11 years ago,57:16:00
If You're Happy - Teaching Tips,831K views,11 years ago,55:42:00
"Goodbye, Snowman - Teaching Tips",655K views,11 years ago,2:02
"Hello, My Friends (Let's Go Trick-or-Treating)",989K views,11 years ago,1:00:03
The Skeleton Dance,69M views,11 years ago,59:50:00
Count & Move from Super Simple Songs,65M views,12 years ago,55:42:00
"Santa, Where Are You?",21M views,12 years ago,2:16
"Super Simple ABCs - ""A"" song",553K views,12 years ago,0:19
"Super Simple Phonics - ""L song"" and mini-lesson",367K views,12 years ago,1:00:16
Ten in the Bed (with six!),6.4M views,12 years ago,1:57
The Eensey Weensey Spider | Super Simple Songs,34M views,13 years ago,1:00:23
Head Shoulders Knees and Toes - Teaching Tips,1.2M views,13 years ago,2:29
"Knock Knock, Trick or Treat? - Halloween Song",2.6M views,13 years ago,59:54:00
Five Little Pumpkins - Halloween Song for Children,1.2M views,13 years ago,55:50:00
Hello! - Teaching Tips,3M views,13 years ago,2:45
"Rain, Rain, Go Away | Super Simple Songs",38M views,13 years ago,29:48:00
Hide & Seek - Teaching Tips,409K views,13 years ago,1:17
Who Took the Cookie? - Teaching Tips,5.9M views,13 years ago,2:32
ABC Song | Super Simple Songs,148M views,13 years ago,1:00:31
The Alphabet Song (Let's Sing!),16M views,13 years ago,3:18
Five Little Monkeys | Super Simple Songs,130M views,13 years ago,22:36
SUPER-FAST Uh-Huh!,12M views,13 years ago,33:13:00
Clean Up Song,3.4M views,14 years ago,1:44
Please Sit Down and Storytime Music - Teaching Tips,1M views,14 years ago,2:09
Skidamarink!,10M views,14 years ago,56:04:00
Days of the Week from Super Simple Songs,13M views,14 years ago,2:26
Days of the Week - Read It!,772K views,14 years ago,55:37:00
"Walking, Walking - Teaching Tips",2.4M views,14 years ago,1:36
Santa Claus: Lost in Japan!,460K views,14 years ago,50:18:00
What Do You Want For Christmas?,3.9M views,14 years ago,2:00
I See Something Blue,1.2M views,14 years ago,59:58:00
Knock Knock Hello - Teaching Tips,693K views,14 years ago,1:55
Go Away! - Teaching Tips,348K views,14 years ago,1:00:29
Uh-Huh! | Super Simple Songs,28M views,14 years ago,2:05
Go Away! - Just for Fun!,47M views,14 years ago,20:18
"Rock, Scissors, Paper - Teaching Tips",624K views,14 years ago,1:49
The Bath Song - Teaching Tips,1.2M views,14 years ago,31:18:00
