https://www.serviceseeking.com.au/profile/228198?source='business_directory,"Carina Heights, QLD",Concrete Retaining Walls
https://www.serviceseeking.com.au/profile/229683?source='business_directory,"Ballarat, VIC",Concrete Retaining Walls
https://www.serviceseeking.com.au/profile/234644?source='business_directory,"Cairns, QLD",Concrete Retaining Walls
https://www.serviceseeking.com.au/profile/234724?source='business_directory,"Sydney, NSW",Concrete Retaining Walls
https://www.serviceseeking.com.au/profile/234899?source='business_directory,"Sydney, NSW",Concrete Retaining Walls
https://www.serviceseeking.com.au/profile/234917?source='business_directory,"Cranbourne, VIC",Concrete Retaining Walls
https://www.serviceseeking.com.au/profile/234981?source='business_directory,"Tooborac, VIC",Concrete Retaining Walls
https://www.serviceseeking.com.au/profile/235708?source='business_directory,"Langwarrin, VIC",Concrete Retaining Walls
https://www.serviceseeking.com.au/profile/235768?source='business_directory,"St Helens Park, NSW",Concrete Retaining Walls
https://www.serviceseeking.com.au/profile/236161?source='business_directory,"Rooty Hill, NSW",Concrete Retaining Walls
https://www.serviceseeking.com.au/profile/238093?source='business_directory,"Pakenham, VIC",Concrete Retaining Walls
https://www.serviceseeking.com.au/profile/238805?source='business_directory,"Campbelltown, NSW",Concrete Retaining Walls
https://www.serviceseeking.com.au/profile/239051?source='business_directory,"Parramatta, NSW",Concrete Retaining Walls
https://www.serviceseeking.com.au/profile/239249?source='business_directory,"St Helens Park, NSW",Concrete Retaining Walls
https://www.serviceseeking.com.au/profile/239644?source='business_directory,"Upper Coomera, QLD",Concrete Retaining Walls
https://www.serviceseeking.com.au/profile/239705?source='business_directory,"Strathpine, QLD",Concrete Retaining Walls
https://www.serviceseeking.com.au/profile/240824?source='business_directory,"Seaford, VIC",Concrete Retaining Walls
https://www.serviceseeking.com.au/profile/240935?source='business_directory,"Silverdale, NSW",Concrete Retaining Walls
https://www.serviceseeking.com.au/profile/240966?source='business_directory,"Rooty Hill, NSW",Concrete Retaining Walls
https://www.serviceseeking.com.au/profile/241164?source='business_directory,"Berkshire Park, NSW",Concrete Retaining Walls
https://www.serviceseeking.com.au/profile/241365?source='business_directory,"Skye, VIC",Concrete Retaining Walls
https://www.serviceseeking.com.au/profile/242090?source='business_directory,"Brighton, QLD",Concrete Retaining Walls
https://www.serviceseeking.com.au/profile/242512?source='business_directory,"Greenvale, VIC",Concrete Retaining Walls
https://www.serviceseeking.com.au/profile/243362?source='business_directory,"Brisbane, QLD",Concrete Retaining Walls
https://www.serviceseeking.com.au/profile/243747?source='business_directory,"Mittagong, NSW",Concrete Retaining Walls
https://www.serviceseeking.com.au/profile/243792?source='business_directory,"Berkeley Vale, NSW",Concrete Retaining Walls
https://www.serviceseeking.com.au/profile/244383?source='business_directory,"Rockbank, VIC",Concrete Retaining Walls
https://www.serviceseeking.com.au/profile/244712?source='business_directory,"Flynn, ACT",Concrete Retaining Walls
https://www.serviceseeking.com.au/profile/244851?source='business_directory,"Springfield, QLD",Concrete Retaining Walls
https://www.serviceseeking.com.au/profile/245794?source='business_directory,"Perth, WA",Concrete Retaining Walls
https://www.serviceseeking.com.au/profile/245950?source='business_directory,"North Lakes, QLD",Concrete Retaining Walls
https://www.serviceseeking.com.au/profile/246281?source='business_directory,"Oran Park, NSW",Concrete Retaining Walls
https://www.serviceseeking.com.au/profile/246429?source='business_directory,"North Lakes, QLD",Concrete Retaining Walls
https://www.serviceseeking.com.au/profile/246651?source='business_directory,"Mount Druitt, NSW",Concrete Retaining Walls
https://www.serviceseeking.com.au/profile/246870?source='business_directory,"Ringwood, VIC",Concrete Retaining Walls
https://www.serviceseeking.com.au/profile/247442?source='business_directory,"Melbourne, VIC",Concrete Retaining Walls
https://www.serviceseeking.com.au/profile/247593?source='business_directory,"Armadale, WA",Concrete Retaining Walls
https://www.serviceseeking.com.au/profile/248019?source='business_directory,"Seven Hills, NSW",Concrete Retaining Walls
https://www.serviceseeking.com.au/profile/248129?source='business_directory,"Thomastown, VIC",Concrete Retaining Walls
https://www.serviceseeking.com.au/profile/248233?source='business_directory,"Buccan, QLD",Concrete Retaining Walls
https://www.serviceseeking.com.au/profile/248875?source='business_directory,"Tarneit, VIC",Concrete Retaining Walls
https://www.serviceseeking.com.au/profile/249073?source='business_directory,"Chester Hill, NSW",Concrete Retaining Walls
https://www.serviceseeking.com.au/profile/249397?source='business_directory,"Loganholme, QLD",Concrete Retaining Walls
https://www.serviceseeking.com.au/profile/250197?source='business_directory,"Oakville, NSW",Concrete Retaining Walls
https://www.serviceseeking.com.au/profile/250278?source='business_directory,"Casula, NSW",Concrete Retaining Walls
https://www.serviceseeking.com.au/profile/250299?source='business_directory,"Cranbourne South, VIC",Concrete Retaining Walls
https://www.serviceseeking.com.au/profile/56440?source='business_directory,"Perth, WA",Concrete Retaining Walls
https://www.serviceseeking.com.au/profile/160080?source='business_directory,"Oakville, NSW",Concrete Retaining Walls
https://www.serviceseeking.com.au/profile/87341?source='business_directory,"Bexley, NSW",Concrete Retaining Walls
https://www.serviceseeking.com.au/profile/95118?source='business_directory,"Albany, WA",Concrete Retaining Walls
https://www.serviceseeking.com.au/profile/131646?source='business_directory,"Enfield South, NSW",Concrete Retaining Walls
https://www.serviceseeking.com.au/profile/75347?source='business_directory,"Browns Plains, QLD",Concrete Retaining Walls
https://www.serviceseeking.com.au/profile/184795?source='business_directory,"Varsity Lakes, QLD",Concrete Retaining Walls
https://www.serviceseeking.com.au/profile/63596?source='business_directory,"Rowville, VIC",Concrete Retaining Walls
https://www.serviceseeking.com.au/profile/155658?source='business_directory,"Seven Hills, NSW",Concrete Retaining Walls
https://www.serviceseeking.com.au/profile/10938?source='business_directory,"Hornsby, NSW",Concrete Retaining Walls
https://www.serviceseeking.com.au/profile/27681?source='business_directory,"Broadbeach Waters, QLD",Concrete Retaining Walls
https://www.serviceseeking.com.au/profile/204692?source='business_directory,"Rouse Hill, NSW",Concrete Retaining Walls
https://www.serviceseeking.com.au/profile/40047?source='business_directory,"Mount Cotton, QLD",Concrete Retaining Walls
https://www.serviceseeking.com.au/profile/83560?source='business_directory,"Shailer Park, QLD",Concrete Retaining Walls
https://www.serviceseeking.com.au/profile/110887?source='business_directory,"Cranbourne North, VIC",Concrete Retaining Walls
https://www.serviceseeking.com.au/profile/10568?source='business_directory,"Blacktown, NSW",Concrete Retaining Walls
https://www.serviceseeking.com.au/profile/242486?source='business_directory,"Ormeau, QLD",Concrete Retaining Walls
https://www.serviceseeking.com.au/profile/250415?source='business_directory,"Parramatta, NSW",Concrete Retaining Walls
https://www.serviceseeking.com.au/profile/74838?source='business_directory,"Pennant Hills, NSW",Concrete Retaining Walls
https://www.serviceseeking.com.au/profile/240308?source='business_directory,"Nollamara, WA",Concrete Retaining Walls
https://www.serviceseeking.com.au/profile/87458?source='business_directory,"Narraweena, NSW",Concrete Retaining Walls
https://www.serviceseeking.com.au/profile/91710?source='business_directory,"Dandenong, VIC",Concrete Retaining Walls
https://www.serviceseeking.com.au/profile/104746?source='business_directory,"Shailer Park, QLD",Concrete Retaining Walls
https://www.serviceseeking.com.au/profile/73736?source='business_directory,"Chadstone Centre, VIC",Concrete Retaining Walls
https://www.serviceseeking.com.au/profile/98084?source='business_directory,"Stanhope Gardens, NSW",Concrete Retaining Walls
https://www.serviceseeking.com.au/profile/100935?source='business_directory,"Acacia Ridge, QLD",Concrete Retaining Walls
https://www.serviceseeking.com.au/profile/248796?source='business_directory,"Edens Landing, QLD",Concrete Retaining Walls
https://www.serviceseeking.com.au/profile/68991?source='business_directory,"Forest Lake, QLD",Concrete Retaining Walls
https://www.serviceseeking.com.au/profile/62234?source='business_directory,"Bracken Ridge, QLD",Concrete Retaining Walls
https://www.serviceseeking.com.au/profile/103857?source='business_directory,"Narre Warren, VIC",Concrete Retaining Walls
https://www.serviceseeking.com.au/profile/49351?source='business_directory,"Loganlea, QLD",Concrete Retaining Walls
https://www.serviceseeking.com.au/profile/77152?source='business_directory,"Thomastown, VIC",Concrete Retaining Walls
https://www.serviceseeking.com.au/profile/163633?source='business_directory,"Perth, WA",Concrete Retaining Walls
https://www.serviceseeking.com.au/profile/175982?source='business_directory,"Abbotsbury, NSW",Concrete Retaining Walls
https://www.serviceseeking.com.au/profile/43513?source='business_directory,"Koo Wee Rup, VIC",Concrete Retaining Walls
https://www.serviceseeking.com.au/profile/48333?source='business_directory,"Chullora, NSW",Concrete Retaining Walls
https://www.serviceseeking.com.au/profile/56146?source='business_directory,"Cherrybrook, NSW",Concrete Retaining Walls
https://www.serviceseeking.com.au/profile/67132?source='business_directory,"Hoppers Crossing, VIC",Concrete Retaining Walls
https://www.serviceseeking.com.au/profile/69150?source='business_directory,"St Ives, NSW",Concrete Retaining Walls
https://www.serviceseeking.com.au/profile/72863?source='business_directory,"Maidstone, VIC",Concrete Retaining Walls
https://www.serviceseeking.com.au/profile/74608?source='business_directory,"Gold Coast, QLD",Concrete Retaining Walls
https://www.serviceseeking.com.au/profile/78577?source='business_directory,"Narangba, QLD",Concrete Retaining Walls
https://www.serviceseeking.com.au/profile/83170?source='business_directory,"Cremorne, NSW",Concrete Retaining Walls
https://www.serviceseeking.com.au/profile/84452?source='business_directory,"Skye, VIC",Concrete Retaining Walls
https://www.serviceseeking.com.au/profile/93535?source='business_directory,"Mullumbimby, NSW",Concrete Retaining Walls
https://www.serviceseeking.com.au/profile/105341?source='business_directory,"Salisbury Plain, SA",Concrete Retaining Walls
https://www.serviceseeking.com.au/profile/107159?source='business_directory,"Mentone, VIC",Concrete Retaining Walls
https://www.serviceseeking.com.au/profile/138236?source='business_directory,"Ramsgate, NSW",Concrete Retaining Walls
https://www.serviceseeking.com.au/profile/141721?source='business_directory,"Glen Iris, VIC",Concrete Retaining Walls
https://www.serviceseeking.com.au/profile/150730?source='business_directory,"Mount Waverley, VIC",Concrete Retaining Walls
https://www.serviceseeking.com.au/profile/151573?source='business_directory,"Caloundra, QLD",Concrete Retaining Walls
https://www.serviceseeking.com.au/profile/211036?source='business_directory,"Kallangur, QLD",Concrete Retaining Walls
https://www.serviceseeking.com.au/profile/3765?source='business_directory,"North Parramatta, NSW",Concrete Retaining Walls
https://www.serviceseeking.com.au/profile/10374?source='business_directory,"Sanctuary Point, NSW",Concrete Retaining Walls
https://www.serviceseeking.com.au/profile/41129?source='business_directory,"Norlane, VIC",Concrete Retaining Walls
https://www.serviceseeking.com.au/profile/43494?source='business_directory,"Mona Vale, NSW",Concrete Retaining Walls
https://www.serviceseeking.com.au/profile/64856?source='business_directory,"Wamberal, NSW",Concrete Retaining Walls
https://www.serviceseeking.com.au/profile/64931?source='business_directory,"Crows Nest, NSW",Concrete Retaining Walls
https://www.serviceseeking.com.au/profile/73521?source='business_directory,"Clyde, VIC",Concrete Retaining Walls
https://www.serviceseeking.com.au/profile/75605?source='business_directory,"Gisborne, VIC",Concrete Retaining Walls
https://www.serviceseeking.com.au/profile/77036?source='business_directory,"Edensor Park, NSW",Concrete Retaining Walls
https://www.serviceseeking.com.au/profile/78459?source='business_directory,"Mornington, VIC",Concrete Retaining Walls
https://www.serviceseeking.com.au/profile/81591?source='business_directory,"Carrum Downs, VIC",Concrete Retaining Walls
https://www.serviceseeking.com.au/profile/84127?source='business_directory,"Pimpama, QLD",Concrete Retaining Walls
https://www.serviceseeking.com.au/profile/87192?source='business_directory,"Canberra, ACT",Concrete Retaining Walls
https://www.serviceseeking.com.au/profile/91152?source='business_directory,"Kwinana Town Centre, WA",Concrete Retaining Walls
https://www.serviceseeking.com.au/profile/92581?source='business_directory,"Point Cook, VIC",Concrete Retaining Walls
https://www.serviceseeking.com.au/profile/96210?source='business_directory,"Parkinson, QLD",Concrete Retaining Walls
https://www.serviceseeking.com.au/profile/101569?source='business_directory,"Lane Cove, NSW",Concrete Retaining Walls
https://www.serviceseeking.com.au/profile/109417?source='business_directory,"Lilydale, VIC",Concrete Retaining Walls
https://www.serviceseeking.com.au/profile/148594?source='business_directory,"Belmont, VIC",Concrete Retaining Walls
https://www.serviceseeking.com.au/profile/155557?source='business_directory,"Springvale, VIC",Concrete Retaining Walls
https://www.serviceseeking.com.au/profile/161470?source='business_directory,"Ormeau, QLD",Concrete Retaining Walls
https://www.serviceseeking.com.au/profile/193696?source='business_directory,"Marsden, QLD",Concrete Retaining Walls
https://www.serviceseeking.com.au/profile/230935?source='business_directory,"South Penrith, NSW",Concrete Retaining Walls
https://www.serviceseeking.com.au/profile/12103?source='business_directory,"Dandenong, VIC",Concrete Retaining Walls
https://www.serviceseeking.com.au/profile/31247?source='business_directory,"Upper Coomera, QLD",Concrete Retaining Walls
https://www.serviceseeking.com.au/profile/48350?source='business_directory,"Boneo, VIC",Concrete Retaining Walls
https://www.serviceseeking.com.au/profile/62213?source='business_directory,"Melbourne, VIC",Concrete Retaining Walls
https://www.serviceseeking.com.au/profile/66102?source='business_directory,"Dunlop, ACT",Concrete Retaining Walls
https://www.serviceseeking.com.au/profile/69788?source='business_directory,"Brighton East, VIC",Concrete Retaining Walls
https://www.serviceseeking.com.au/profile/74595?source='business_directory,"Keysborough, VIC",Concrete Retaining Walls
https://www.serviceseeking.com.au/profile/75358?source='business_directory,"Melton, VIC",Concrete Retaining Walls
https://www.serviceseeking.com.au/profile/75671?source='business_directory,"Tarneit, VIC",Concrete Retaining Walls
https://www.serviceseeking.com.au/profile/79353?source='business_directory,"Brighton Le Sands, NSW",Concrete Retaining Walls
https://www.serviceseeking.com.au/profile/82208?source='business_directory,"Annandale, NSW",Concrete Retaining Walls
https://www.serviceseeking.com.au/profile/85163?source='business_directory,"Langwarrin, VIC",Concrete Retaining Walls
https://www.serviceseeking.com.au/profile/88906?source='business_directory,"Sadleir, NSW",Concrete Retaining Walls
https://www.serviceseeking.com.au/profile/89502?source='business_directory,"Waterloo Corner, SA",Concrete Retaining Walls
https://www.serviceseeking.com.au/profile/91806?source='business_directory,"Maddington, WA",Concrete Retaining Walls
https://www.serviceseeking.com.au/profile/92748?source='business_directory,"Oakleigh East, VIC",Concrete Retaining Walls
https://www.serviceseeking.com.au/profile/93788?source='business_directory,"Penrith, NSW",Concrete Retaining Walls
https://www.serviceseeking.com.au/profile/96256?source='business_directory,"Landsdale, WA",Concrete Retaining Walls
https://www.serviceseeking.com.au/profile/101946?source='business_directory,"Theodore, ACT",Concrete Retaining Walls
https://www.serviceseeking.com.au/profile/103764?source='business_directory,"Mona Vale, NSW",Concrete Retaining Walls
https://www.serviceseeking.com.au/profile/104405?source='business_directory,"Craigieburn, VIC",Concrete Retaining Walls
https://www.serviceseeking.com.au/profile/106213?source='business_directory,"Kalamunda, WA",Concrete Retaining Walls
https://www.serviceseeking.com.au/profile/112448?source='business_directory,"Minyama, QLD",Concrete Retaining Walls
https://www.serviceseeking.com.au/profile/125267?source='business_directory,"Midland, WA",Concrete Retaining Walls
https://www.serviceseeking.com.au/profile/153481?source='business_directory,"Coomera, QLD",Concrete Retaining Walls
https://www.serviceseeking.com.au/profile/160707?source='business_directory,"St Marys, NSW",Concrete Retaining Walls
https://www.serviceseeking.com.au/profile/204987?source='business_directory,"Heathridge, WA",Concrete Retaining Walls
https://www.serviceseeking.com.au/profile/218454?source='business_directory,"Dandenong North, VIC",Concrete Retaining Walls
https://www.serviceseeking.com.au/profile/220392?source='business_directory,"Ipswich, QLD",Concrete Retaining Walls
https://www.serviceseeking.com.au/profile/223325?source='business_directory,"Dandenong, VIC",Concrete Retaining Walls
https://www.serviceseeking.com.au/profile/19228?source='business_directory,"Normanhurst, NSW",Concrete Retaining Walls
https://www.serviceseeking.com.au/profile/32433?source='business_directory,"Clarkson, WA",Concrete Retaining Walls
https://www.serviceseeking.com.au/profile/34451?source='business_directory,"Roleystone, WA",Concrete Retaining Walls
https://www.serviceseeking.com.au/profile/39747?source='business_directory,"Basin Pocket, QLD",Concrete Retaining Walls
https://www.serviceseeking.com.au/profile/48760?source='business_directory,"Gympie, QLD",Concrete Retaining Walls
https://www.serviceseeking.com.au/profile/56026?source='business_directory,"Tarneit, VIC",Concrete Retaining Walls
https://www.serviceseeking.com.au/profile/58303?source='business_directory,"St Helens Park, NSW",Concrete Retaining Walls
https://www.serviceseeking.com.au/profile/59530?source='business_directory,"Kellyville Ridge, NSW",Concrete Retaining Walls
https://www.serviceseeking.com.au/profile/59818?source='business_directory,"Edgeworth, NSW",Concrete Retaining Walls
https://www.serviceseeking.com.au/profile/65734?source='business_directory,"Bendigo, VIC",Concrete Retaining Walls
https://www.serviceseeking.com.au/profile/72435?source='business_directory,"Turrella, NSW",Concrete Retaining Walls
https://www.serviceseeking.com.au/profile/74947?source='business_directory,"Balcatta, WA",Concrete Retaining Walls
https://www.serviceseeking.com.au/profile/75144?source='business_directory,"Goulburn, NSW",Concrete Retaining Walls
https://www.serviceseeking.com.au/profile/77943?source='business_directory,"Pie Creek, QLD",Concrete Retaining Walls
https://www.serviceseeking.com.au/profile/79024?source='business_directory,"Essendon North, VIC",Concrete Retaining Walls
https://www.serviceseeking.com.au/profile/79784?source='business_directory,"Alberton, QLD",Concrete Retaining Walls
https://www.serviceseeking.com.au/profile/85552?source='business_directory,"Keilor East, VIC",Concrete Retaining Walls
https://www.serviceseeking.com.au/profile/86003?source='business_directory,"Cromer, NSW",Concrete Retaining Walls
https://www.serviceseeking.com.au/profile/87431?source='business_directory,"Doveton, VIC",Concrete Retaining Walls
https://www.serviceseeking.com.au/profile/88338?source='business_directory,"Narre Warren South, VIC",Concrete Retaining Walls
https://www.serviceseeking.com.au/profile/88366?source='business_directory,"Burnside, VIC",Concrete Retaining Walls
https://www.serviceseeking.com.au/profile/89410?source='business_directory,"Clarkson, WA",Concrete Retaining Walls
https://www.serviceseeking.com.au/profile/89719?source='business_directory,"Narangba, QLD",Concrete Retaining Walls
https://www.serviceseeking.com.au/profile/89826?source='business_directory,"Spearwood, WA",Concrete Retaining Walls
https://www.serviceseeking.com.au/profile/90621?source='business_directory,"Caroline Springs, VIC",Concrete Retaining Walls
https://www.serviceseeking.com.au/profile/93958?source='business_directory,"Noraville, NSW",Concrete Retaining Walls
https://www.serviceseeking.com.au/profile/94145?source='business_directory,"Runcorn, QLD",Concrete Retaining Walls
https://www.serviceseeking.com.au/profile/94474?source='business_directory,"Rydalmere, NSW",Concrete Retaining Walls
https://www.serviceseeking.com.au/profile/95333?source='business_directory,"Balwyn North, VIC",Concrete Retaining Walls
https://www.serviceseeking.com.au/profile/96843?source='business_directory,"Frankston, VIC",Concrete Retaining Walls
https://www.serviceseeking.com.au/profile/97443?source='business_directory,"Jandabup, WA",Concrete Retaining Walls
https://www.serviceseeking.com.au/profile/98048?source='business_directory,"Wembley, WA",Concrete Retaining Walls
https://www.serviceseeking.com.au/profile/98276?source='business_directory,"Bli Bli, QLD",Concrete Retaining Walls
https://www.serviceseeking.com.au/profile/99006?source='business_directory,"Aberglasslyn, NSW",Concrete Retaining Walls
https://www.serviceseeking.com.au/profile/99132?source='business_directory,"Belmont, VIC",Concrete Retaining Walls
https://www.serviceseeking.com.au/profile/104717?source='business_directory,"Tingalpa, QLD",Concrete Retaining Walls
https://www.serviceseeking.com.au/profile/110467?source='business_directory,"East Mackay, QLD",Concrete Retaining Walls
https://www.serviceseeking.com.au/profile/110531?source='business_directory,"Aberfoyle Park, SA",Concrete Retaining Walls
https://www.serviceseeking.com.au/profile/111350?source='business_directory,"Hoppers Crossing, VIC",Concrete Retaining Walls
https://www.serviceseeking.com.au/profile/116798?source='business_directory,"Darch, WA",Concrete Retaining Walls
https://www.serviceseeking.com.au/profile/145005?source='business_directory,"Allambie Heights, NSW",Concrete Retaining Walls
https://www.serviceseeking.com.au/profile/154849?source='business_directory,"Liverpool, NSW",Concrete Retaining Walls
https://www.serviceseeking.com.au/profile/207379?source='business_directory,"Doolandella, QLD",Concrete Retaining Walls
https://www.serviceseeking.com.au/profile/214346?source='business_directory,"Perth, WA",Concrete Retaining Walls
https://www.serviceseeking.com.au/profile/220827?source='business_directory,"Meadow Heights, VIC",Concrete Retaining Walls
https://www.serviceseeking.com.au/profile/221949?source='business_directory,"Colyton, NSW",Concrete Retaining Walls
https://www.serviceseeking.com.au/profile/232856?source='business_directory,"Wattle Grove, NSW",Concrete Retaining Walls
https://www.serviceseeking.com.au/profile/233256?source='business_directory,"Aspley, QLD",Concrete Retaining Walls
https://www.serviceseeking.com.au/profile/19729?source='business_directory,"Terrey Hills, NSW",Concrete Retaining Walls
https://www.serviceseeking.com.au/profile/21951?source='business_directory,"Little Mountain, QLD",Concrete Retaining Walls
https://www.serviceseeking.com.au/profile/22320?source='business_directory,"Coburg, VIC",Concrete Retaining Walls
https://www.serviceseeking.com.au/profile/24372?source='business_directory,"Seaford, VIC",Concrete Retaining Walls
https://www.serviceseeking.com.au/profile/24727?source='business_directory,"Sydney, NSW",Concrete Retaining Walls
https://www.serviceseeking.com.au/profile/31072?source='business_directory,"Rosebud, VIC",Concrete Retaining Walls
https://www.serviceseeking.com.au/profile/35545?source='business_directory,"Reedy Creek, QLD",Concrete Retaining Walls
https://www.serviceseeking.com.au/profile/39925?source='business_directory,"Currans Hill, NSW",Concrete Retaining Walls
https://www.serviceseeking.com.au/profile/40543?source='business_directory,"Narre Warren South, VIC",Concrete Retaining Walls
https://www.serviceseeking.com.au/profile/49896?source='business_directory,"Nowra, NSW",Concrete Retaining Walls
https://www.serviceseeking.com.au/profile/51222?source='business_directory,"Padstow Heights, NSW",Concrete Retaining Walls
https://www.serviceseeking.com.au/profile/53177?source='business_directory,"Dianella, WA",Concrete Retaining Walls
https://www.serviceseeking.com.au/profile/54972?source='business_directory,"Spotswood, VIC",Concrete Retaining Walls
https://www.serviceseeking.com.au/profile/54981?source='business_directory,"Chatswood, NSW",Concrete Retaining Walls
https://www.serviceseeking.com.au/profile/55215?source='business_directory,"Victoria Point, QLD",Concrete Retaining Walls
https://www.serviceseeking.com.au/profile/58876?source='business_directory,"Barton, ACT",Concrete Retaining Walls
https://www.serviceseeking.com.au/profile/60886?source='business_directory,"Hastings, VIC",Concrete Retaining Walls
https://www.serviceseeking.com.au/profile/61380?source='business_directory,"Baxter, VIC",Concrete Retaining Walls
https://www.serviceseeking.com.au/profile/61519?source='business_directory,"Truganina, VIC",Concrete Retaining Walls
https://www.serviceseeking.com.au/profile/61538?source='business_directory,"Hughesdale, VIC",Concrete Retaining Walls
https://www.serviceseeking.com.au/profile/63830?source='business_directory,"Ipswich, QLD",Concrete Retaining Walls
https://www.serviceseeking.com.au/profile/65793?source='business_directory,"Somerville, VIC",Concrete Retaining Walls
https://www.serviceseeking.com.au/profile/66308?source='business_directory,"Cairns, QLD",Concrete Retaining Walls
https://www.serviceseeking.com.au/profile/66850?source='business_directory,"Ellenbrook, WA",Concrete Retaining Walls
https://www.serviceseeking.com.au/profile/66852?source='business_directory,"Thomastown, VIC",Concrete Retaining Walls
https://www.serviceseeking.com.au/profile/68010?source='business_directory,"Taylors Lakes, VIC",Concrete Retaining Walls
https://www.serviceseeking.com.au/profile/68769?source='business_directory,"Bonython, ACT",Concrete Retaining Walls
https://www.serviceseeking.com.au/profile/73548?source='business_directory,"Hillbank, SA",Concrete Retaining Walls
https://www.serviceseeking.com.au/profile/74542?source='business_directory,"Reservoir, VIC",Concrete Retaining Walls
https://www.serviceseeking.com.au/profile/75069?source='business_directory,"Fitzroy North, VIC",Concrete Retaining Walls
https://www.serviceseeking.com.au/profile/75268?source='business_directory,"Lakemba, NSW",Concrete Retaining Walls
https://www.serviceseeking.com.au/profile/75484?source='business_directory,"Highgate Hill, QLD",Concrete Retaining Walls
https://www.serviceseeking.com.au/profile/76264?source='business_directory,"Essendon, VIC",Concrete Retaining Walls
https://www.serviceseeking.com.au/profile/76668?source='business_directory,"Randwick, NSW",Concrete Retaining Walls
https://www.serviceseeking.com.au/profile/76812?source='business_directory,"Augustine Heights, QLD",Concrete Retaining Walls
https://www.serviceseeking.com.au/profile/77987?source='business_directory,"Derrimut, VIC",Concrete Retaining Walls
https://www.serviceseeking.com.au/profile/78027?source='business_directory,"Hoppers Crossing, VIC",Concrete Retaining Walls
https://www.serviceseeking.com.au/profile/78968?source='business_directory,"Mildura, VIC",Concrete Retaining Walls
https://www.serviceseeking.com.au/profile/79265?source='business_directory,"Lane Cove, NSW",Concrete Retaining Walls
https://www.serviceseeking.com.au/profile/81329?source='business_directory,"Camberwell, VIC",Concrete Retaining Walls
https://www.serviceseeking.com.au/profile/81840?source='business_directory,"Chirnside Park, VIC",Concrete Retaining Walls
https://www.serviceseeking.com.au/profile/81883?source='business_directory,"Stirling, WA",Concrete Retaining Walls
https://www.serviceseeking.com.au/profile/81996?source='business_directory,"Golden Grove, SA",Concrete Retaining Walls
https://www.serviceseeking.com.au/profile/82941?source='business_directory,"Narromine, NSW",Concrete Retaining Walls
https://www.serviceseeking.com.au/profile/83195?source='business_directory,"Brookvale, NSW",Concrete Retaining Walls
https://www.serviceseeking.com.au/profile/86419?source='business_directory,"Kilmore, VIC",Concrete Retaining Walls
https://www.serviceseeking.com.au/profile/86508?source='business_directory,"Walkerville, SA",Concrete Retaining Walls
https://www.serviceseeking.com.au/profile/88776?source='business_directory,"Arana Hills, QLD",Concrete Retaining Walls
https://www.serviceseeking.com.au/profile/89280?source='business_directory,"Gympie, QLD",Concrete Retaining Walls
https://www.serviceseeking.com.au/profile/89466?source='business_directory,"Mornington, VIC",Concrete Retaining Walls
https://www.serviceseeking.com.au/profile/89612?source='business_directory,"Camden South, NSW",Concrete Retaining Walls
https://www.serviceseeking.com.au/profile/90160?source='business_directory,"Carlton, NSW",Concrete Retaining Walls
https://www.serviceseeking.com.au/profile/90720?source='business_directory,"Seaford Rise, SA",Concrete Retaining Walls
https://www.serviceseeking.com.au/profile/91062?source='business_directory,"Burpengary, QLD",Concrete Retaining Walls
https://www.serviceseeking.com.au/profile/91825?source='business_directory,"Chatswood West, NSW",Concrete Retaining Walls
https://www.serviceseeking.com.au/profile/92270?source='business_directory,"Como, WA",Concrete Retaining Walls
https://www.serviceseeking.com.au/profile/92433?source='business_directory,"Gladstone Park, VIC",Concrete Retaining Walls
https://www.serviceseeking.com.au/profile/92964?source='business_directory,"Park Ridge, QLD",Concrete Retaining Walls
https://www.serviceseeking.com.au/profile/93937?source='business_directory,"Ringwood, VIC",Concrete Retaining Walls
https://www.serviceseeking.com.au/profile/93954?source='business_directory,"Pascoe Vale, VIC",Concrete Retaining Walls
https://www.serviceseeking.com.au/profile/93963?source='business_directory,"Skye, VIC",Concrete Retaining Walls
https://www.serviceseeking.com.au/profile/94039?source='business_directory,"Rochedale South, QLD",Concrete Retaining Walls
https://www.serviceseeking.com.au/profile/94781?source='business_directory,"Melbourne, VIC",Concrete Retaining Walls
https://www.serviceseeking.com.au/profile/95717?source='business_directory,"Prahran, VIC",Concrete Retaining Walls
https://www.serviceseeking.com.au/profile/95811?source='business_directory,"Berowra, NSW",Concrete Retaining Walls
https://www.serviceseeking.com.au/profile/97413?source='business_directory,"Forest Glen, QLD",Concrete Retaining Walls
https://www.serviceseeking.com.au/profile/101817?source='business_directory,"Ridgewood, WA",Concrete Retaining Walls
https://www.serviceseeking.com.au/profile/113707?source='business_directory,"Cooranbong, NSW",Concrete Retaining Walls
https://www.serviceseeking.com.au/profile/116431?source='business_directory,"Sydney, NSW",Concrete Retaining Walls
https://www.serviceseeking.com.au/profile/125471?source='business_directory,"Sippy Downs, QLD",Concrete Retaining Walls
https://www.serviceseeking.com.au/profile/127784?source='business_directory,"West Ipswich, QLD",Concrete Retaining Walls
https://www.serviceseeking.com.au/profile/129544?source='business_directory,"Darlington, WA",Concrete Retaining Walls
https://www.serviceseeking.com.au/profile/130217?source='business_directory,"Palm Beach, QLD",Concrete Retaining Walls
https://www.serviceseeking.com.au/profile/131651?source='business_directory,"Pimpama, QLD",Concrete Retaining Walls
https://www.serviceseeking.com.au/profile/132068?source='business_directory,"Timboon, VIC",Concrete Retaining Walls
https://www.serviceseeking.com.au/profile/135559?source='business_directory,"Moana, SA",Concrete Retaining Walls
https://www.serviceseeking.com.au/profile/136019?source='business_directory,"Liverpool, NSW",Concrete Retaining Walls
https://www.serviceseeking.com.au/profile/136844?source='business_directory,"Mansfield, QLD",Concrete Retaining Walls
https://www.serviceseeking.com.au/profile/137186?source='business_directory,"Seaford, VIC",Concrete Retaining Walls
https://www.serviceseeking.com.au/profile/137727?source='business_directory,"Magill, SA",Concrete Retaining Walls
https://www.serviceseeking.com.au/profile/142444?source='business_directory,"Arndell Park, NSW",Concrete Retaining Walls
https://www.serviceseeking.com.au/profile/143125?source='business_directory,"Morayfield, QLD",Concrete Retaining Walls
https://www.serviceseeking.com.au/profile/146669?source='business_directory,"Seaford, VIC",Concrete Retaining Walls
https://www.serviceseeking.com.au/profile/148192?source='business_directory,"Condell Park, NSW",Concrete Retaining Walls
https://www.serviceseeking.com.au/profile/149078?source='business_directory,"Collingwood Park, QLD",Concrete Retaining Walls
https://www.serviceseeking.com.au/profile/149495?source='business_directory,"Ryde, NSW",Concrete Retaining Walls
https://www.serviceseeking.com.au/profile/155954?source='business_directory,"Burns Beach, WA",Concrete Retaining Walls
https://www.serviceseeking.com.au/profile/157792?source='business_directory,"Highbury, SA",Concrete Retaining Walls
https://www.serviceseeking.com.au/profile/158722?source='business_directory,"Melton, VIC",Concrete Retaining Walls
https://www.serviceseeking.com.au/profile/159441?source='business_directory,"Beenleigh, QLD",Concrete Retaining Walls
https://www.serviceseeking.com.au/profile/162335?source='business_directory,"Geelong, VIC",Concrete Retaining Walls
https://www.serviceseeking.com.au/profile/162563?source='business_directory,"Albany Creek, QLD",Concrete Retaining Walls
https://www.serviceseeking.com.au/profile/165866?source='business_directory,"Kelmscott, WA",Concrete Retaining Walls
https://www.serviceseeking.com.au/profile/169216?source='business_directory,"Gympie, QLD",Concrete Retaining Walls
https://www.serviceseeking.com.au/profile/169727?source='business_directory,"Oakleigh South, VIC",Concrete Retaining Walls
https://www.serviceseeking.com.au/profile/174996?source='business_directory,"Gosford, NSW",Concrete Retaining Walls
https://www.serviceseeking.com.au/profile/178191?source='business_directory,"Nerang, QLD",Concrete Retaining Walls
https://www.serviceseeking.com.au/profile/185611?source='business_directory,"Strathfield, NSW",Concrete Retaining Walls
https://www.serviceseeking.com.au/profile/186865?source='business_directory,"Springvale, VIC",Concrete Retaining Walls
https://www.serviceseeking.com.au/profile/188490?source='business_directory,"Tingalpa, QLD",Concrete Retaining Walls
https://www.serviceseeking.com.au/profile/190020?source='business_directory,"Palm Beach, QLD",Concrete Retaining Walls
https://www.serviceseeking.com.au/profile/193361?source='business_directory,"Gold Coast, QLD",Concrete Retaining Walls
https://www.serviceseeking.com.au/profile/193721?source='business_directory,"Malvern East, VIC",Concrete Retaining Walls
https://www.serviceseeking.com.au/profile/196665?source='business_directory,"Fremantle, WA",Concrete Retaining Walls
https://www.serviceseeking.com.au/profile/198346?source='business_directory,"Glenelg East, SA",Concrete Retaining Walls
https://www.serviceseeking.com.au/profile/200892?source='business_directory,"Mordialloc, VIC",Concrete Retaining Walls
https://www.serviceseeking.com.au/profile/41291?source='business_directory,"Sandringham, VIC",Concrete Slab
https://www.serviceseeking.com.au/profile/108036?source='business_directory,"Ryde, NSW",Concrete Slab
https://www.serviceseeking.com.au/profile/79287?source='business_directory,"Thornlands, QLD",Concrete Slab
https://www.serviceseeking.com.au/profile/101802?source='business_directory,"Kogarah, NSW",Concrete Slab
https://www.serviceseeking.com.au/profile/131631?source='business_directory,"Mountain Creek, QLD",Concrete Slab
https://www.serviceseeking.com.au/profile/109296?source='business_directory,"Redland Bay, QLD",Concrete Slab
https://www.serviceseeking.com.au/profile/156070?source='business_directory,"Mernda, VIC",Concrete Slab
https://www.serviceseeking.com.au/profile/105811?source='business_directory,"Pacific Paradise, QLD",Concrete Slab
https://www.serviceseeking.com.au/profile/116012?source='business_directory,"Hillarys, WA",Concrete Slab
https://www.serviceseeking.com.au/profile/126322?source='business_directory,"Cedar Vale, QLD",Concrete Slab
https://www.serviceseeking.com.au/profile/127034?source='business_directory,"Ingle Farm, SA",Concrete Slab
https://www.serviceseeking.com.au/profile/156179?source='business_directory,"Kellyville, NSW",Concrete Slab
https://www.serviceseeking.com.au/profile/234932?source='business_directory,"Minto, NSW",Concrete Slab
https://www.serviceseeking.com.au/profile/83181?source='business_directory,"Willoughby, NSW",Concrete Slab
https://www.serviceseeking.com.au/profile/223128?source='business_directory,"Rockdale, NSW",Concrete Slab
https://www.serviceseeking.com.au/profile/87591?source='business_directory,"Langwarrin, VIC",Concrete Slab
https://www.serviceseeking.com.au/profile/163660?source='business_directory,"Bondi Beach, NSW",Concrete Slab
https://www.serviceseeking.com.au/profile/184463?source='business_directory,"Parramatta, NSW",Concrete Slab
https://www.serviceseeking.com.au/profile/248049?source='business_directory,"Scarborough, QLD",Concrete Slab
https://www.serviceseeking.com.au/profile/211780?source='business_directory,"Carrara, QLD",Concrete Slab
https://www.serviceseeking.com.au/profile/218104?source='business_directory,"Frankston, VIC",Concrete Slab
https://www.serviceseeking.com.au/profile/228543?source='business_directory,"Bankstown, NSW",Concrete Slab
https://www.serviceseeking.com.au/profile/241952?source='business_directory,"Narre Warren, VIC",Concrete Slab
https://www.serviceseeking.com.au/profile/247347?source='business_directory,"Pakenham, VIC",Concrete Slab
https://www.serviceseeking.com.au/profile/159865?source='business_directory,"Armadale, WA",Concrete Slab
https://www.serviceseeking.com.au/profile/217963?source='business_directory,"Mandurah, WA",Concrete Slab
https://www.serviceseeking.com.au/profile/36020?source='business_directory,"Kippa Ring, QLD",Concrete Slab
https://www.serviceseeking.com.au/profile/80781?source='business_directory,"Herne Hill, WA",Concrete Slab
https://www.serviceseeking.com.au/profile/187984?source='business_directory,"Cashmere, QLD",Concrete Slab
https://www.serviceseeking.com.au/profile/63642?source='business_directory,"Blacktown, NSW",Concrete Slab
https://www.serviceseeking.com.au/profile/108329?source='business_directory,"Baulkham Hills, NSW",Concrete Slab
https://www.serviceseeking.com.au/profile/144390?source='business_directory,"Embleton, WA",Concrete Slab
https://www.serviceseeking.com.au/profile/233422?source='business_directory,"Little Mountain, QLD",Concrete Slab
https://www.serviceseeking.com.au/profile/18008?source='business_directory,"Cranebrook, NSW",Concrete Slab
https://www.serviceseeking.com.au/profile/153679?source='business_directory,"Chisholm, ACT",Concrete Slab
https://www.serviceseeking.com.au/profile/158434?source='business_directory,"Kudla, SA",Concrete Slab
https://www.serviceseeking.com.au/profile/93014?source='business_directory,"Tamborine, QLD",Concrete Slab
https://www.serviceseeking.com.au/profile/118233?source='business_directory,"Buccan, QLD",Concrete Slab
https://www.serviceseeking.com.au/profile/63567?source='business_directory,"Wahroonga, NSW",Concrete Slab
https://www.serviceseeking.com.au/profile/207837?source='business_directory,"Schofields, NSW",Concrete Slab
https://www.serviceseeking.com.au/profile/74332?source='business_directory,"Fernvale, QLD",Concrete Slab
https://www.serviceseeking.com.au/profile/123961?source='business_directory,"Sunnybank Hills, QLD",Concrete Slab
https://www.serviceseeking.com.au/profile/213149?source='business_directory,"Belmore, NSW",Concrete Slab
https://www.serviceseeking.com.au/profile/77143?source='business_directory,"Launching Place, VIC",Concrete Slab
https://www.serviceseeking.com.au/profile/103571?source='business_directory,"Caroline Springs, VIC",Concrete Slab
https://www.serviceseeking.com.au/profile/241667?source='business_directory,"Flinders Park, SA",Concrete Slab
https://www.serviceseeking.com.au/profile/115831?source='business_directory,"Morphett Vale, SA",Concrete Slab
https://www.serviceseeking.com.au/profile/94332?source='business_directory,"Monterey, NSW",Concrete Slab
https://www.serviceseeking.com.au/profile/100592?source='business_directory,"Maryborough, QLD",Concrete Slab
https://www.serviceseeking.com.au/profile/118293?source='business_directory,"Gold Coast, QLD",Concrete Slab
https://www.serviceseeking.com.au/profile/141772?source='business_directory,"South Brighton, SA",Concrete Slab
https://www.serviceseeking.com.au/profile/158410?source='business_directory,"Campbelltown, NSW",Concrete Slab
https://www.serviceseeking.com.au/profile/195950?source='business_directory,"Alexandra Hills, QLD",Concrete Slab
https://www.serviceseeking.com.au/profile/234852?source='business_directory,"Gympie, QLD",Concrete Slab
https://www.serviceseeking.com.au/profile/248434?source='business_directory,"Sydney, NSW",Concrete Slab
https://www.serviceseeking.com.au/profile/131146?source='business_directory,"Maroochydore, QLD",Concrete Slab
https://www.serviceseeking.com.au/profile/40692?source='business_directory,"Narre Warren South, VIC",Concrete Slab
https://www.serviceseeking.com.au/profile/159972?source='business_directory,"Bracken Ridge, QLD",Concrete Slab
https://www.serviceseeking.com.au/profile/155009?source='business_directory,"Catherine Field, NSW",Concrete Slab
https://www.serviceseeking.com.au/profile/44572?source='business_directory,"Craigieburn, VIC",Concrete Slab
https://www.serviceseeking.com.au/profile/181156?source='business_directory,"Warana, QLD",Concrete Slab
https://www.serviceseeking.com.au/profile/116223?source='business_directory,"Sydney, NSW",Concrete Slab
https://www.serviceseeking.com.au/profile/82014?source='business_directory,"Griffith, NSW",Concrete Slab
https://www.serviceseeking.com.au/profile/125895?source='business_directory,"Burleigh Heads, QLD",Concrete Slab
https://www.serviceseeking.com.au/profile/64682?source='business_directory,"Emu Heights, NSW",Concrete Slab
https://www.serviceseeking.com.au/profile/105967?source='business_directory,"Cornubia, QLD",Concrete Slab
https://www.serviceseeking.com.au/profile/146257?source='business_directory,"Lyneham, ACT",Concrete Slab
https://www.serviceseeking.com.au/profile/77367?source='business_directory,"Paralowie, SA",Concrete Slab
https://www.serviceseeking.com.au/profile/98798?source='business_directory,"Tempe, NSW",Concrete Slab
https://www.serviceseeking.com.au/profile/189962?source='business_directory,"Doncaster, VIC",Concrete Slab
https://www.serviceseeking.com.au/profile/80166?source='business_directory,"Upper Mount Gravatt, QLD",Concrete Slab
https://www.serviceseeking.com.au/profile/101917?source='business_directory,"Perth, WA",Concrete Slab
https://www.serviceseeking.com.au/profile/103625?source='business_directory,"Fitzroy North, VIC",Concrete Slab
https://www.serviceseeking.com.au/profile/104265?source='business_directory,"Brisbane, QLD",Concrete Slab
https://www.serviceseeking.com.au/profile/105228?source='business_directory,"East Victoria Park, WA",Concrete Slab
https://www.serviceseeking.com.au/profile/106676?source='business_directory,"Perth, WA",Concrete Slab
https://www.serviceseeking.com.au/profile/107670?source='business_directory,"Cranbourne, VIC",Concrete Slab
https://www.serviceseeking.com.au/profile/112617?source='business_directory,"Ambarvale, NSW",Concrete Slab
https://www.serviceseeking.com.au/profile/113577?source='business_directory,"Buff Point, NSW",Concrete Slab
https://www.serviceseeking.com.au/profile/140356?source='business_directory,"Campbelltown, SA",Concrete Slab
https://www.serviceseeking.com.au/profile/170174?source='business_directory,"Keilor, VIC",Concrete Slab
https://www.serviceseeking.com.au/profile/174553?source='business_directory,"Caboolture, QLD",Concrete Slab
https://www.serviceseeking.com.au/profile/189028?source='business_directory,"Corio, VIC",Concrete Slab
https://www.serviceseeking.com.au/profile/211568?source='business_directory,"Kallangur, QLD",Concrete Slab
https://www.serviceseeking.com.au/profile/231262?source='business_directory,"Chester Hill, NSW",Concrete Slab
https://www.serviceseeking.com.au/profile/232506?source='business_directory,"Laidley, QLD",Concrete Slab
https://www.serviceseeking.com.au/profile/42480?source='business_directory,"Croydon, NSW",Concrete Slab
https://www.serviceseeking.com.au/profile/75670?source='business_directory,"Eltham, VIC",Concrete Slab
https://www.serviceseeking.com.au/profile/80731?source='business_directory,"Geebung, QLD",Concrete Slab
https://www.serviceseeking.com.au/profile/103566?source='business_directory,"High Wycombe, WA",Concrete Slab
https://www.serviceseeking.com.au/profile/109519?source='business_directory,"Perth, WA",Concrete Slab
https://www.serviceseeking.com.au/profile/113170?source='business_directory,"Chidlow, WA",Concrete Slab
https://www.serviceseeking.com.au/profile/115211?source='business_directory,"Baulkham Hills, NSW",Concrete Slab
https://www.serviceseeking.com.au/profile/115840?source='business_directory,"Ridgehaven, SA",Concrete Slab
https://www.serviceseeking.com.au/profile/115927?source='business_directory,"Churchlands, WA",Concrete Slab
https://www.serviceseeking.com.au/profile/124548?source='business_directory,"Narangba, QLD",Concrete Slab
https://www.serviceseeking.com.au/profile/127301?source='business_directory,"South Perth, WA",Concrete Slab
https://www.serviceseeking.com.au/profile/142445?source='business_directory,"Richmond, NSW",Concrete Slab
https://www.serviceseeking.com.au/profile/146101?source='business_directory,"Riverstone, NSW",Concrete Slab
https://www.serviceseeking.com.au/profile/158440?source='business_directory,"Thornlands, QLD",Concrete Slab
https://www.serviceseeking.com.au/profile/205270?source='business_directory,"Corio, VIC",Concrete Slab
https://www.serviceseeking.com.au/profile/205668?source='business_directory,"Cairns, QLD",Concrete Slab
https://www.serviceseeking.com.au/profile/208147?source='business_directory,"Earlwood, NSW",Concrete Slab
https://www.serviceseeking.com.au/profile/209446?source='business_directory,"Deer Park, VIC",Concrete Slab
https://www.serviceseeking.com.au/profile/210750?source='business_directory,"Seven Hills, NSW",Concrete Slab
https://www.serviceseeking.com.au/profile/210985?source='business_directory,"Berry, NSW",Concrete Slab
https://www.serviceseeking.com.au/profile/216019?source='business_directory,"Alexandra Hills, QLD",Concrete Slab
https://www.serviceseeking.com.au/profile/223855?source='business_directory,"Frankston, VIC",Concrete Slab
https://www.serviceseeking.com.au/profile/224180?source='business_directory,"Rouse Hill, NSW",Concrete Slab
https://www.serviceseeking.com.au/profile/224973?source='business_directory,"Dandenong, VIC",Concrete Slab
https://www.serviceseeking.com.au/profile/227320?source='business_directory,"Caboolture, QLD",Concrete Slab
https://www.serviceseeking.com.au/profile/240158?source='business_directory,"Caroline Springs, VIC",Concrete Slab
https://www.serviceseeking.com.au/profile/242494?source='business_directory,"Lisarow, NSW",Concrete Slab
https://www.serviceseeking.com.au/profile/2448?source='business_directory,"Aeroglen, QLD",Concrete Slab
https://www.serviceseeking.com.au/profile/7839?source='business_directory,"Hastings Point, NSW",Concrete Slab
https://www.serviceseeking.com.au/profile/9921?source='business_directory,"Chambers Flat, QLD",Concrete Slab
https://www.serviceseeking.com.au/profile/24608?source='business_directory,"Southport, QLD",Concrete Slab
https://www.serviceseeking.com.au/profile/25222?source='business_directory,"Happy Valley, SA",Concrete Slab
https://www.serviceseeking.com.au/profile/40111?source='business_directory,"Currajong, QLD",Concrete Slab
https://www.serviceseeking.com.au/profile/40913?source='business_directory,"Toowoomba, QLD",Concrete Slab
https://www.serviceseeking.com.au/profile/40985?source='business_directory,"Austinville, QLD",Concrete Slab
https://www.serviceseeking.com.au/profile/41461?source='business_directory,"Avalon, VIC",Concrete Slab
https://www.serviceseeking.com.au/profile/41834?source='business_directory,"Bendigo South, VIC",Concrete Slab
https://www.serviceseeking.com.au/profile/43478?source='business_directory,"West Hoxton, NSW",Concrete Slab
https://www.serviceseeking.com.au/profile/49826?source='business_directory,"Balcatta, WA",Concrete Slab
https://www.serviceseeking.com.au/profile/53107?source='business_directory,"Glebe, TAS",Concrete Slab
https://www.serviceseeking.com.au/profile/54777?source='business_directory,"Berkshire Park, NSW",Concrete Slab
https://www.serviceseeking.com.au/profile/55508?source='business_directory,"Seville East, VIC",Concrete Slab
https://www.serviceseeking.com.au/profile/55673?source='business_directory,"Angle Vale, SA",Concrete Slab
https://www.serviceseeking.com.au/profile/55844?source='business_directory,"Plumpton, NSW",Concrete Slab
https://www.serviceseeking.com.au/profile/56889?source='business_directory,"Holden Hill, SA",Concrete Slab
https://www.serviceseeking.com.au/profile/59950?source='business_directory,"Surry Hills, NSW",Concrete Slab
https://www.serviceseeking.com.au/profile/60117?source='business_directory,"Drouin, VIC",Concrete Slab
https://www.serviceseeking.com.au/profile/61511?source='business_directory,"Turramurra, NSW",Concrete Slab
https://www.serviceseeking.com.au/profile/61530?source='business_directory,"Sydenham, VIC",Concrete Slab
https://www.serviceseeking.com.au/profile/67629?source='business_directory,"Avon, NSW",Concrete Slab
https://www.serviceseeking.com.au/profile/67915?source='business_directory,"Lemon Tree, NSW",Concrete Slab
https://www.serviceseeking.com.au/profile/69748?source='business_directory,"Happy Valley, SA",Concrete Slab
https://www.serviceseeking.com.au/profile/71485?source='business_directory,"Wangara, WA",Concrete Slab
https://www.serviceseeking.com.au/profile/73191?source='business_directory,"Coombabah, QLD",Concrete Slab
https://www.serviceseeking.com.au/profile/74382?source='business_directory,"North Rocks, NSW",Concrete Slab
https://www.serviceseeking.com.au/profile/75432?source='business_directory,"Howard Springs, NT",Concrete Slab
https://www.serviceseeking.com.au/profile/77044?source='business_directory,"Concord, NSW",Concrete Slab
https://www.serviceseeking.com.au/profile/77465?source='business_directory,"Tweed Heads South, NSW",Concrete Slab
https://www.serviceseeking.com.au/profile/77481?source='business_directory,"Glenorchy, TAS",Concrete Slab
https://www.serviceseeking.com.au/profile/77556?source='business_directory,"Craigieburn, VIC",Concrete Slab
https://www.serviceseeking.com.au/profile/79534?source='business_directory,"Richmond East, VIC",Concrete Slab
https://www.serviceseeking.com.au/profile/79536?source='business_directory,"Sunbury, VIC",Concrete Slab
https://www.serviceseeking.com.au/profile/80747?source='business_directory,"Camberwell, VIC",Concrete Slab
https://www.serviceseeking.com.au/profile/81470?source='business_directory,"Arundel, QLD",Concrete Slab
https://www.serviceseeking.com.au/profile/81778?source='business_directory,"Mckinnon, VIC",Concrete Slab
https://www.serviceseeking.com.au/profile/83507?source='business_directory,"Kangaroo Point, QLD",Concrete Slab
https://www.serviceseeking.com.au/profile/84048?source='business_directory,"Canberra, ACT",Concrete Slab
https://www.serviceseeking.com.au/profile/84735?source='business_directory,"Ashmore, QLD",Concrete Slab
https://www.serviceseeking.com.au/profile/85512?source='business_directory,"Tyabb, VIC",Concrete Slab
https://www.serviceseeking.com.au/profile/85612?source='business_directory,"Mount Lawley, WA",Concrete Slab
https://www.serviceseeking.com.au/profile/85623?source='business_directory,"Alexandra Hills, QLD",Concrete Slab
https://www.serviceseeking.com.au/profile/86468?source='business_directory,"Wodonga, VIC",Concrete Slab
https://www.serviceseeking.com.au/profile/87103?source='business_directory,"Kanwal, NSW",Concrete Slab
https://www.serviceseeking.com.au/profile/87405?source='business_directory,"West Moonah, TAS",Concrete Slab
https://www.serviceseeking.com.au/profile/87746?source='business_directory,"Coorparoo, QLD",Concrete Slab
https://www.serviceseeking.com.au/profile/88779?source='business_directory,"Deagon, QLD",Concrete Slab
https://www.serviceseeking.com.au/profile/89139?source='business_directory,"Launceston, TAS",Concrete Slab
https://www.serviceseeking.com.au/profile/91833?source='business_directory,"Hobart, TAS",Concrete Slab
https://www.serviceseeking.com.au/profile/91870?source='business_directory,"Coolaroo, VIC",Concrete Slab
https://www.serviceseeking.com.au/profile/92238?source='business_directory,"Maitland, NSW",Concrete Slab
https://www.serviceseeking.com.au/profile/92438?source='business_directory,"Pendle Hill, NSW",Concrete Slab
https://www.serviceseeking.com.au/profile/92920?source='business_directory,"Victoria Point, QLD",Concrete Slab
https://www.serviceseeking.com.au/profile/93779?source='business_directory,"Merrylands, NSW",Concrete Slab
https://www.serviceseeking.com.au/profile/94370?source='business_directory,"Ormeau Hills, QLD",Concrete Slab
https://www.serviceseeking.com.au/profile/94417?source='business_directory,"Currumbin Waters, QLD",Concrete Slab
https://www.serviceseeking.com.au/profile/94849?source='business_directory,"Elanora, QLD",Concrete Slab
https://www.serviceseeking.com.au/profile/95325?source='business_directory,"Cashmere, QLD",Concrete Slab
https://www.serviceseeking.com.au/profile/95693?source='business_directory,"Lindfield, NSW",Concrete Slab
https://www.serviceseeking.com.au/profile/96142?source='business_directory,"Hoppers Crossing, VIC",Concrete Slab
https://www.serviceseeking.com.au/profile/96803?source='business_directory,"Queanbeyan, NSW",Concrete Slab
https://www.serviceseeking.com.au/profile/97669?source='business_directory,"Ashburton, VIC",Concrete Slab
https://www.serviceseeking.com.au/profile/98309?source='business_directory,"Brighton, TAS",Concrete Slab
https://www.serviceseeking.com.au/profile/98805?source='business_directory,"Seaford, VIC",Concrete Slab
https://www.serviceseeking.com.au/profile/99138?source='business_directory,"Berwick, VIC",Concrete Slab
https://www.serviceseeking.com.au/profile/99837?source='business_directory,"Glenroy, VIC",Concrete Slab
https://www.serviceseeking.com.au/profile/100565?source='business_directory,"Redbank Plains, QLD",Concrete Slab
https://www.serviceseeking.com.au/profile/100764?source='business_directory,"Sunbury, VIC",Concrete Slab
https://www.serviceseeking.com.au/profile/102409?source='business_directory,"Craigieburn, VIC",Concrete Slab
https://www.serviceseeking.com.au/profile/102669?source='business_directory,"Upper Coomera, QLD",Concrete Slab
https://www.serviceseeking.com.au/profile/103354?source='business_directory,"Waterford West, QLD",Concrete Slab
https://www.serviceseeking.com.au/profile/105498?source='business_directory,"Melton South, VIC",Concrete Slab
https://www.serviceseeking.com.au/profile/107101?source='business_directory,"Kingsgrove, NSW",Concrete Slab
https://www.serviceseeking.com.au/profile/107969?source='business_directory,"Cannington, WA",Concrete Slab
https://www.serviceseeking.com.au/profile/150142?source='business_directory,"Preston, VIC",Concreters
https://www.serviceseeking.com.au/profile/102220?source='business_directory,"Cranbourne West, VIC",Concreters
https://www.serviceseeking.com.au/profile/150026?source='business_directory,"Wollert, VIC",Concreters
https://www.serviceseeking.com.au/profile/69169?source='business_directory,"Bentleigh East, VIC",Concreters
https://www.serviceseeking.com.au/profile/4674?source='business_directory,"Caloundra West, QLD",Concreters
https://www.serviceseeking.com.au/profile/201437?source='business_directory,"Dianella, WA",Concreters
https://www.serviceseeking.com.au/profile/122452?source='business_directory,"Wyndham Vale, VIC",Concreters
https://www.serviceseeking.com.au/profile/131335?source='business_directory,"Parramatta, NSW",Concreters
https://www.serviceseeking.com.au/profile/244823?source='business_directory,"Beaconsfield, VIC",Concreters
https://www.serviceseeking.com.au/profile/23585?source='business_directory,"Officer, VIC",Concreters
https://www.serviceseeking.com.au/profile/140960?source='business_directory,"Baldivis, WA",Concreters
https://www.serviceseeking.com.au/profile/218465?source='business_directory,"Baxter, VIC",Concreters
https://www.serviceseeking.com.au/profile/226303?source='business_directory,"Turramurra, NSW",Concreters
https://www.serviceseeking.com.au/profile/136538?source='business_directory,"Mill Park, VIC",Concreters
https://www.serviceseeking.com.au/profile/93576?source='business_directory,"Cromer, NSW",Concreters
https://www.serviceseeking.com.au/profile/143053?source='business_directory,"Mudgeeraba, QLD",Concreters
https://www.serviceseeking.com.au/profile/68399?source='business_directory,"Redbank, QLD",Concreters
https://www.serviceseeking.com.au/profile/95332?source='business_directory,"Cranbourne West, VIC",Concreters
https://www.serviceseeking.com.au/profile/91612?source='business_directory,"Calwell, ACT",Concreters
https://www.serviceseeking.com.au/profile/30230?source='business_directory,"Jamisontown, NSW",Concreters
https://www.serviceseeking.com.au/profile/88337?source='business_directory,"Wheelers Hill, VIC",Concreters
https://www.serviceseeking.com.au/profile/233482?source='business_directory,"Endeavour Hills, VIC",Concreters
https://www.serviceseeking.com.au/profile/246060?source='business_directory,"Camberwell, VIC",Concreters
https://www.serviceseeking.com.au/profile/247315?source='business_directory,"Tarneit, VIC",Concreters
https://www.serviceseeking.com.au/profile/248834?source='business_directory,"Bribie Island, QLD",Concreters
https://www.serviceseeking.com.au/profile/167950?source='business_directory,"Dandenong North, VIC",Concreters
https://www.serviceseeking.com.au/profile/82663?source='business_directory,"Tanunda, SA",Concreters
https://www.serviceseeking.com.au/profile/86868?source='business_directory,"Raceview, QLD",Concreters
https://www.serviceseeking.com.au/profile/92021?source='business_directory,"Melton West, VIC",Concreters
https://www.serviceseeking.com.au/profile/26802?source='business_directory,"Buderim, QLD",Concreters
https://www.serviceseeking.com.au/profile/48297?source='business_directory,"Midland, WA",Concreters
https://www.serviceseeking.com.au/profile/150603?source='business_directory,"Maitland, NSW",Concreters
https://www.serviceseeking.com.au/profile/77633?source='business_directory,"Keilor East, VIC",Concreters
https://www.serviceseeking.com.au/profile/90424?source='business_directory,"Geelong, VIC",Concreters
https://www.serviceseeking.com.au/profile/13845?source='business_directory,"Alberton, QLD",Concreters
https://www.serviceseeking.com.au/profile/162882?source='business_directory,"Stanthorpe, QLD",Concreters
https://www.serviceseeking.com.au/profile/211356?source='business_directory,"Cranbourne East, VIC",Concreters
https://www.serviceseeking.com.au/profile/29962?source='business_directory,"Gold Coast, QLD",Concreters
https://www.serviceseeking.com.au/profile/60028?source='business_directory,"O'connor, ACT",Concreters
https://www.serviceseeking.com.au/profile/62382?source='business_directory,"Bunbury, WA",Concreters
https://www.serviceseeking.com.au/profile/62660?source='business_directory,"Forestville, NSW",Concreters
https://www.serviceseeking.com.au/profile/67551?source='business_directory,"Altona Meadows, VIC",Concreters
https://www.serviceseeking.com.au/profile/69908?source='business_directory,"Hughes, ACT",Concreters
https://www.serviceseeking.com.au/profile/77300?source='business_directory,"Cairns, QLD",Concreters
https://www.serviceseeking.com.au/profile/77564?source='business_directory,"Redland Bay, QLD",Concreters
https://www.serviceseeking.com.au/profile/80012?source='business_directory,"Kirwan, QLD",Concreters
https://www.serviceseeking.com.au/profile/86518?source='business_directory,"Berwick, VIC",Concreters
https://www.serviceseeking.com.au/profile/86787?source='business_directory,"Sandy Bay, TAS",Concreters
https://www.serviceseeking.com.au/profile/87370?source='business_directory,"Joondalup, WA",Concreters
https://www.serviceseeking.com.au/profile/87853?source='business_directory,"Cranbourne South, VIC",Concreters
https://www.serviceseeking.com.au/profile/91791?source='business_directory,"Wanneroo, WA",Concreters
https://www.serviceseeking.com.au/profile/92165?source='business_directory,"Caroline Springs, VIC",Concreters
https://www.serviceseeking.com.au/profile/95146?source='business_directory,"Shelley, WA",Concreters
https://www.serviceseeking.com.au/profile/95839?source='business_directory,"Elanora, QLD",Concreters
https://www.serviceseeking.com.au/profile/95872?source='business_directory,"Forrestfield, WA",Concreters
https://www.serviceseeking.com.au/profile/96241?source='business_directory,"North Lakes, QLD",Concreters
https://www.serviceseeking.com.au/profile/9794?source='business_directory,"Dandenong South, VIC",Concreters
https://www.serviceseeking.com.au/profile/20560?source='business_directory,"Sydney, NSW",Concreters
https://www.serviceseeking.com.au/profile/31674?source='business_directory,"Alexandria, NSW",Concreters
https://www.serviceseeking.com.au/profile/48447?source='business_directory,"North Warrandyte, VIC",Concreters
https://www.serviceseeking.com.au/profile/62230?source='business_directory,"Mulgrave, VIC",Concreters
https://www.serviceseeking.com.au/profile/64135?source='business_directory,"Gladesville, NSW",Concreters
https://www.serviceseeking.com.au/profile/68599?source='business_directory,"Pakenham, VIC",Concreters
https://www.serviceseeking.com.au/profile/73590?source='business_directory,"Bondi Junction, NSW",Concreters
https://www.serviceseeking.com.au/profile/73756?source='business_directory,"Frankston, VIC",Concreters
https://www.serviceseeking.com.au/profile/76695?source='business_directory,"Auburn, NSW",Concreters
https://www.serviceseeking.com.au/profile/78181?source='business_directory,"Langwarrin, VIC",Concreters
https://www.serviceseeking.com.au/profile/79159?source='business_directory,"Melbourne, VIC",Concreters
https://www.serviceseeking.com.au/profile/81106?source='business_directory,"Cranbourne, VIC",Concreters
https://www.serviceseeking.com.au/profile/81330?source='business_directory,"Brisbane, QLD",Concreters
https://www.serviceseeking.com.au/profile/81999?source='business_directory,"Allambie Heights, NSW",Concreters
https://www.serviceseeking.com.au/profile/85125?source='business_directory,"Bull Creek, WA",Concreters
https://www.serviceseeking.com.au/profile/87861?source='business_directory,"Kinross, WA",Concreters
https://www.serviceseeking.com.au/profile/88304?source='business_directory,"Broadbeach Waters, QLD",Concreters
https://www.serviceseeking.com.au/profile/88737?source='business_directory,"Sunbury, VIC",Concreters
https://www.serviceseeking.com.au/profile/89395?source='business_directory,"Cronulla, NSW",Concreters
https://www.serviceseeking.com.au/profile/90122?source='business_directory,"Beenleigh, QLD",Concreters
https://www.serviceseeking.com.au/profile/90127?source='business_directory,"Caringbah, NSW",Concreters
https://www.serviceseeking.com.au/profile/90753?source='business_directory,"Melton West, VIC",Concreters
https://www.serviceseeking.com.au/profile/92148?source='business_directory,"Hope Island, QLD",Concreters
https://www.serviceseeking.com.au/profile/93571?source='business_directory,"Doreen, VIC",Concreters
https://www.serviceseeking.com.au/profile/96202?source='business_directory,"Raymond Terrace, NSW",Concreters
https://www.serviceseeking.com.au/profile/162705?source='business_directory,"Jimboomba, QLD",Concreters
https://www.serviceseeking.com.au/profile/80761?source='business_directory,"Caboolture, QLD",Exposed Aggregate Concrete
https://www.serviceseeking.com.au/profile/61033?source='business_directory,"Calamvale, QLD",Exposed Aggregate Concrete
https://www.serviceseeking.com.au/profile/209850?source='business_directory,"Bentleigh, VIC",Exposed Aggregate Concrete
https://www.serviceseeking.com.au/profile/147671?source='business_directory,"Tarneit, VIC",Exposed Aggregate Concrete
https://www.serviceseeking.com.au/profile/118361?source='business_directory,"Clyde North, VIC",Exposed Aggregate Concrete
https://www.serviceseeking.com.au/profile/196142?source='business_directory,"Reservoir, VIC",Exposed Aggregate Concrete
https://www.serviceseeking.com.au/profile/24266?source='business_directory,"Bundoora, VIC",Exposed Aggregate Concrete
https://www.serviceseeking.com.au/profile/107737?source='business_directory,"Chelsea, VIC",Exposed Aggregate Concrete
https://www.serviceseeking.com.au/profile/127810?source='business_directory,"Baldivis, WA",Exposed Aggregate Concrete
https://www.serviceseeking.com.au/profile/168523?source='business_directory,"Fyshwick, ACT",Exposed Aggregate Concrete
https://www.serviceseeking.com.au/profile/212298?source='business_directory,"Warragul, VIC",Exposed Aggregate Concrete
https://www.serviceseeking.com.au/profile/229863?source='business_directory,"Melton, VIC",Exposed Aggregate Concrete
https://www.serviceseeking.com.au/profile/27587?source='business_directory,"Claremont North, WA",Exposed Aggregate Concrete
https://www.serviceseeking.com.au/profile/30166?source='business_directory,"Newmarket, QLD",Exposed Aggregate Concrete
https://www.serviceseeking.com.au/profile/41050?source='business_directory,"Helensburgh, NSW",Exposed Aggregate Concrete
https://www.serviceseeking.com.au/profile/45264?source='business_directory,"Currumbin Valley, QLD",Exposed Aggregate Concrete
https://www.serviceseeking.com.au/profile/48808?source='business_directory,"Termeil, NSW",Exposed Aggregate Concrete
https://www.serviceseeking.com.au/profile/52156?source='business_directory,"Moonee Ponds, VIC",Exposed Aggregate Concrete
https://www.serviceseeking.com.au/profile/53449?source='business_directory,"Chatswood, NSW",Exposed Aggregate Concrete
https://www.serviceseeking.com.au/profile/54799?source='business_directory,"Melbourne, VIC",Exposed Aggregate Concrete
https://www.serviceseeking.com.au/profile/57309?source='business_directory,"Kallaroo, WA",Exposed Aggregate Concrete
https://www.serviceseeking.com.au/profile/63814?source='business_directory,"Fig Tree Pocket, QLD",Exposed Aggregate Concrete
https://www.serviceseeking.com.au/profile/64777?source='business_directory,"Lindfield, NSW",Exposed Aggregate Concrete
https://www.serviceseeking.com.au/profile/67731?source='business_directory,"Doreen, VIC",Exposed Aggregate Concrete
https://www.serviceseeking.com.au/profile/68201?source='business_directory,"Highton, VIC",Exposed Aggregate Concrete
https://www.serviceseeking.com.au/profile/72104?source='business_directory,"Brisbane, QLD",Exposed Aggregate Concrete
https://www.serviceseeking.com.au/profile/73200?source='business_directory,"Torrens Creek, QLD",Exposed Aggregate Concrete
https://www.serviceseeking.com.au/profile/74565?source='business_directory,"Uraidla, SA",Exposed Aggregate Concrete
https://www.serviceseeking.com.au/profile/74859?source='business_directory,"Brisbane, QLD",Exposed Aggregate Concrete
https://www.serviceseeking.com.au/profile/76127?source='business_directory,"Shellharbour City Centre, NSW",Exposed Aggregate Concrete
https://www.serviceseeking.com.au/profile/77110?source='business_directory,"East Melbourne, VIC",Exposed Aggregate Concrete
https://www.serviceseeking.com.au/profile/77674?source='business_directory,"Greensborough, VIC",Exposed Aggregate Concrete
https://www.serviceseeking.com.au/profile/78257?source='business_directory,"Dooralong, NSW",Exposed Aggregate Concrete
https://www.serviceseeking.com.au/profile/80036?source='business_directory,"Beenleigh, QLD",Exposed Aggregate Concrete
https://www.serviceseeking.com.au/profile/80519?source='business_directory,"Brisbane, QLD",Exposed Aggregate Concrete
https://www.serviceseeking.com.au/profile/81323?source='business_directory,"Dee Why, NSW",Exposed Aggregate Concrete
https://www.serviceseeking.com.au/profile/81882?source='business_directory,"Clyde North, VIC",Exposed Aggregate Concrete
https://www.serviceseeking.com.au/profile/82664?source='business_directory,"Cornubia, QLD",Exposed Aggregate Concrete
https://www.serviceseeking.com.au/profile/83149?source='business_directory,"Kallangur, QLD",Exposed Aggregate Concrete
https://www.serviceseeking.com.au/profile/83421?source='business_directory,"Morayfield, QLD",Exposed Aggregate Concrete
https://www.serviceseeking.com.au/profile/83728?source='business_directory,"Bilambil Heights, NSW",Exposed Aggregate Concrete
https://www.serviceseeking.com.au/profile/84472?source='business_directory,"Balcatta, WA",Exposed Aggregate Concrete
https://www.serviceseeking.com.au/profile/86094?source='business_directory,"Ballarat Central, VIC",Exposed Aggregate Concrete
https://www.serviceseeking.com.au/profile/87179?source='business_directory,"Castle Hill, NSW",Exposed Aggregate Concrete
https://www.serviceseeking.com.au/profile/88234?source='business_directory,"Athelstone, SA",Exposed Aggregate Concrete
https://www.serviceseeking.com.au/profile/89063?source='business_directory,"Morayfield, QLD",Exposed Aggregate Concrete
https://www.serviceseeking.com.au/profile/90208?source='business_directory,"Windsor, NSW",Exposed Aggregate Concrete
https://www.serviceseeking.com.au/profile/90312?source='business_directory,"Altona Meadows, VIC",Exposed Aggregate Concrete
https://www.serviceseeking.com.au/profile/90451?source='business_directory,"Mansfield, QLD",Exposed Aggregate Concrete
https://www.serviceseeking.com.au/profile/90794?source='business_directory,"Clyde North, VIC",Exposed Aggregate Concrete
https://www.serviceseeking.com.au/profile/91000?source='business_directory,"Narre Warren North, VIC",Exposed Aggregate Concrete
